"comp","comp_name","div.lev","TopH","ENL","meanFrac","SSCI","can.open","Site","plot"
1,"TeAm","1",27.5,17.73237719,1.69302235,4.541885279,3.79,"AguaSalud",194
1,"TeAm","1",27,20.09395285,1.683076634,4.845488688,5.415,"AguaSalud",210
1,"TeAm","1",21,16.05435586,1.728132141,4.565716104,6.14,"AguaSalud",224
1,"TeAm","1",28,18.17467339,1.661525909,4.35990522,4.11,"AguaSalud",248
1,"TeAm","1",29,20.8026557,1.632699968,4.427800538,3.44,"AguaSalud",272
1,"TeAm","1",30,18.28725816,1.60525631,3.956890457,3.44,"AguaSalud",280
1,"TeAm","1",25,15.63807788,1.660667958,4.033792711,3.23,"AguaSalud",300
1,"TeAm","1",27,15.94082986,1.660896027,4.074765453,3.96,"AguaSalud",321
1,"TeAm","1",24,13.76190846,2.258089775,8.462051457,0.98,"AguaSalud",357
1,"TeAm","1",29,19.02601451,1.647968791,4.356020164,5.87,"AguaSalud",398
1,"TeAm","1",31,21.89139571,1.561386476,3.955407767,5.74,"AguaSalud",426
2,"DaRe","1",17.5,12.05694552,1.81965137,4.476154613,0.3,"AguaSalud",182
2,"DaRe","1",29.5,15.53080324,1.702271849,4.321385836,15.39,"AguaSalud",204
2,"DaRe","1",23,9.582083146,1.900044416,4.270156261,14.34,"AguaSalud",206
2,"DaRe","1",30,13.12801807,1.903407779,5.244743457,6.66,"AguaSalud",247
2,"DaRe","1",16,9.016645848,1.808339663,3.679403073,35.95,"AguaSalud",266
2,"DaRe","1",18,10.94444011,1.771721937,3.929784588,4.02,"AguaSalud",282
2,"DaRe","1",30,13.57648117,1.843997748,4.933932142,15.29,"AguaSalud",306
2,"DaRe","1",24,9.461650349,2.017976042,4.844193977,82.61,"AguaSalud",348
2,"DaRe","1",28,12.16129066,1.894996214,4.887781541,1.61,"AguaSalud",365
2,"DaRe","1",16,7.342839369,1.989825972,3.942351158,4.78,"AguaSalud",378
2,"DaRe","1",18,7.58355947,2.349134057,5.5180202,1.495,"AguaSalud",386
2,"DaRe","1",24,10.57283758,1.818634391,4.097835455,63.27,"AguaSalud",392
3,"AnEx","1",21.5,15.40110846,1.9612774725,6.332737096,5.37,"Sardinillia",97
3,"AnEx","1",20,13.226968555,2.1986369755,7.6481472935,0.17,"Sardinillia",98
3,"AnEx","1",21.5,11.98978191,1.767201583,4.114790808,36.535,"AguaSalud",172
3,"AnEx","1",21,13.59436813,1.360914254,2.233778005,100,"AguaSalud",212
3,"AnEx","1",21,11.94929756,1.72843393,3.886321478,100,"AguaSalud",235
3,"AnEx","1",32,9.573840241,1.386387912,2.091811572,100,"AguaSalud",285
3,"AnEx","1",26,14.20280018,1.871679243,5.276543414,13.61,"AguaSalud",304
3,"AnEx","1",33,12.56481309,1.697981526,3.818892193,31.09,"AguaSalud",364
3,"AnEx","1",25,10.87984089,1.987310632,5.151503489,13.86,"AguaSalud",389
3,"AnEx","1",17,8.057525022,2.083124088,4.624162264,27.06,"AguaSalud",401
3,"AnEx","1",19,7.928569248,1.494762965,2.29851437,99.99,"AguaSalud",424
4,"PaQu","1",15,8.95859669,1.661224654,3.042857115,95.965,"AguaSalud",176
4,"PaQu","1",22.5,8.038645017,2.261162874,5.124173625,27.71,"AguaSalud",185
4,"PaQu","1",19,10.55761642,1.682688404,3.409229735,95.49,"AguaSalud",219
4,"PaQu","1",26,7.865052719,1.770595858,3.248843533,87.27,"AguaSalud",231
4,"PaQu","1",16,6.319564469,1.891162273,3.237360958,15.6,"AguaSalud",257
4,"PaQu","1",14,7.511542659,1.984232091,3.981783237,61.8,"AguaSalud",291
4,"PaQu","1",25,8.277872195,2.109728629,4.844854957,1.97,"AguaSalud",302
4,"PaQu","1",18,7.859779104,1.892186571,3.724198245,96.09,"AguaSalud",337
4,"PaQu","1",26,7.441980509,2.124147182,4.536326774,-0.05,"AguaSalud",372
4,"PaQu","1",18,7.473339986,2.410185987,5.867246558,99.99,"AguaSalud",419
4,"PaQu","1",22,10.19480537,1.4139172,2.234941559,100,"AguaSalud",422
5,"TaRo","1",16.25,9.497319066,2.312584147,6.460424863,-0.055,"Sardinillia",99
5,"TaRo","1",17,11.5653506,2.149360094,6.508747127,-0.16,"Sardinillia",100
5,"TaRo","1",22.66666667,12.65895086,1.521610606,2.905714931,96.66,"AguaSalud",171
5,"TaRo","1",19.5,9.340948757,1.826786746,3.835473204,35.735,"AguaSalud",186
5,"TaRo","1",25,11.78147029,1.780538263,4.152944979,20.75,"AguaSalud",207
5,"TaRo","1",16,8.383924363,1.684672828,3.031403217,100,"AguaSalud",267
5,"TaRo","1",28,16.77120153,1.669093312,4.239556358,58.79,"AguaSalud",275
5,"TaRo","1",14,9.041031614,1.653360151,3.02548952,99.6,"AguaSalud",297
5,"TaRo","1",18,8.258241579,1.72651199,3.167489817,100,"AguaSalud",318
5,"TaRo","1",23,8.391527386,1.568992966,2.606930155,80.85,"AguaSalud",349
5,"TaRo","1",21,6.254287082,2.14591326,4.054466249,22.24,"AguaSalud",370
5,"TaRo","1",18,8.734839946,1.611548614,2.812954523,100,"AguaSalud",381
5,"TaRo","1",12,6.681061903,1.773303466,2.965656004,22.435,"UADY",472
5,"TaRo","1",18,7.710559051,1.741980285,3.111445672,28.23,"UADY",473
6,"DaRe|PaQu|TeAm|AnEx|TaRo","5",22,17.51218407,1.723370745,4.869911011,7.28,"AguaSalud",180
6,"DaRe|PaQu|TeAm|AnEx|TaRo","5",22.5,14.97142581,1.9811829,6.362171232,4.345,"AguaSalud",188
6,"DaRe|PaQu|TeAm|AnEx|TaRo","5",24,15.36601824,1.781082146,4.837907624,7.42,"AguaSalud",209
6,"DaRe|PaQu|TeAm|AnEx|TaRo","5",22,15.98489934,1.717152216,4.478073397,5.62,"AguaSalud",214
6,"DaRe|PaQu|TeAm|AnEx|TaRo","5",25,18.27753451,1.624148319,4.092694287,9.47,"AguaSalud",239
6,"DaRe|PaQu|TeAm|AnEx|TaRo","5",30,20.47319398,1.853765644,6.445976771,3.69,"AguaSalud",277
6,"DaRe|PaQu|TeAm|AnEx|TaRo","5",23,18.8514116,1.7107191,4.838934433,7.31,"AguaSalud",295
6,"DaRe|PaQu|TeAm|AnEx|TaRo","5",19,14.39989387,1.838880772,5.057344588,3.255,"AguaSalud",299
6,"DaRe|PaQu|TeAm|AnEx|TaRo","5",24,15.12804159,1.648088256,3.885422931,5.96,"AguaSalud",317
6,"DaRe|PaQu|TeAm|AnEx|TaRo","5",27,19.64648077,1.836445401,6.11082266,2.14,"AguaSalud",331
6,"DaRe|PaQu|TeAm|AnEx|TaRo","5",24,14.05657129,1.723436056,4.215156663,5.42,"AguaSalud",332
6,"DaRe|PaQu|TeAm|AnEx|TaRo","5",26,16.07160993,1.844412481,5.473968105,6.79,"AguaSalud",342
6,"DaRe|PaQu|TeAm|AnEx|TaRo","5",22,17.42298293,1.812539701,5.471816993,2.53,"AguaSalud",358
6,"DaRe|PaQu|TeAm|AnEx|TaRo","5",21,12.26918577,1.841640693,4.622669,1.59,"AguaSalud",397
6,"DaRe|PaQu|TeAm|AnEx|TaRo","5",22,12.23077518,2.08597499,6.302831773,1.07,"AguaSalud",409
6,"DaRe|PaQu|TeAm|AnEx|TaRo","5",23,13.46683886,1.909665846,5.377171522,2.31,"AguaSalud",421
7,"DaRe|AnEx","2",23.5,10.81851802,1.87084772,4.452525288,30.475,"AguaSalud",174
7,"DaRe|AnEx","2",27.5,13.18675949,1.796838313,4.565074106,2.43,"AguaSalud",184
7,"DaRe|AnEx","2",39,7.780001508,1.835101301,3.474669353,42.01,"AguaSalud",220
7,"DaRe|AnEx","2",21,10.22526614,1.852821961,4.194462297,26.27,"AguaSalud",229
7,"DaRe|AnEx","2",32,12.16312124,1.769439397,4.160972134,5.87,"AguaSalud",262
7,"DaRe|AnEx","2",18,8.63869331,1.917130395,4.068815559,29.48,"AguaSalud",296
7,"DaRe|AnEx","2",10,6.715131287,2.051171268,3.927941758,33.39,"AguaSalud",313
7,"DaRe|AnEx","2",24.5,11.60491117,2.163511562,6.507182943,2.37,"AguaSalud",346
7,"DaRe|AnEx","2",26,10.64179961,2.122426209,5.927756227,17.02,"AguaSalud",379
7,"DaRe|AnEx","2",20,6.624504271,1.879484919,3.297204973,62.06,"AguaSalud",388
7,"DaRe|AnEx","2",20,10.35206956,1.350697849,2.085390202,99.11,"AguaSalud",413
7,"DaRe|AnEx","2",23,8.882792221,2.315468269,6.257682032,0.6,"AguaSalud",423
7,"DaRe|AnEx","2",20,9.060114807,2.004064419,4.627832683,0.67,"AguaSalud",427
8,"PaQu|AnEx","2",18.5,9.039149495,1.978791917,4.437789577,7.945,"AguaSalud",177
8,"PaQu|AnEx","2",17.5,7.124242907,1.917329615,3.580102079,70.47,"AguaSalud",192
8,"PaQu|AnEx","2",20.5,11.69125843,2.025000313,5.62963805,1.235,"AguaSalud",201
8,"PaQu|AnEx","2",32,9.450782907,2.083282676,5.199236439,20.83,"AguaSalud",250
8,"PaQu|AnEx","2",10,3.713632021,2.191252891,2.798930399,66.94,"AguaSalud",270
8,"PaQu|AnEx","2",28,11.62781915,2.142435278,6.484091282,10.37,"AguaSalud",281
8,"PaQu|AnEx","2",23,7.876160806,1.98704534,4.125278853,2.04,"AguaSalud",322
8,"PaQu|AnEx","2",24,13.49445868,1.796531964,4.593151364,55.31,"AguaSalud",329
8,"PaQu|AnEx","2",30,12.01869879,2.252217837,7.529271075,0.95,"AguaSalud",343
8,"PaQu|AnEx","2",17,9.699211893,2.125845736,5.548387014,59.94,"AguaSalud",354
8,"PaQu|AnEx","2",25,15.29789513,0.355547386,0.059562955,100,"AguaSalud",396
8,"PaQu|AnEx","2",24,9.943891959,2.215547001,6.216636037,1.46,"AguaSalud",408
8,"PaQu|AnEx","2",18,10.29364606,1.860580843,4.252974847,98.64,"AguaSalud",428
9,"TeAm|AnEx","2",17.5,12.81163856,1.739060031,4.089030261,6,"AguaSalud",175
9,"TeAm|AnEx","2",19,13.21098642,1.827536653,4.77853385,6.315,"AguaSalud",199
9,"TeAm|AnEx","2",26,19.91106413,1.607072685,4.133415039,6.54,"AguaSalud",216
9,"TeAm|AnEx","2",29,21.13486937,1.543154285,3.756839597,6.06,"AguaSalud",236
9,"TeAm|AnEx","2",30,24.15833131,1.764771965,6.103960738,2.45,"AguaSalud",244
9,"TeAm|AnEx","2",27,16.16897689,1.746490811,4.72032267,3.15,"AguaSalud",260
9,"TeAm|AnEx","2",22,18.52825434,1.63886195,4.229732156,6.07,"AguaSalud",273
9,"TeAm|AnEx","2",30,20.60698454,1.638157626,4.452060073,5.33,"AguaSalud",305
9,"TeAm|AnEx","2",20,13.54057083,1.477241271,2.763999596,7.79,"AguaSalud",307
9,"TeAm|AnEx","2",31,20.3806391,1.717778478,5.108913599,5.76,"AguaSalud",347
9,"TeAm|AnEx","2",28,18.14867667,1.703174426,4.680876279,4.83,"AguaSalud",366
9,"TeAm|AnEx","2",18,10.12397534,2.109467996,5.628984046,1.2,"AguaSalud",385
9,"TeAm|AnEx","2",19,12.82430204,1.622833894,3.439387102,6.71,"AguaSalud",420
10,"AnEx|TaRo","2",26,11.75225774,1.902836548,4.879824946,20.665,"AguaSalud",181
10,"AnEx|TaRo","2",18,7.002690204,1.976188262,3.753052127,52.935,"AguaSalud",205
10,"AnEx|TaRo","2",21,12.313795,1.551576106,3.012852212,81.52,"AguaSalud",226
10,"AnEx|TaRo","2",24,16.43491854,1.481251301,3.003720482,100,"AguaSalud",242
10,"AnEx|TaRo","2",18,8.17744479,1.557796631,2.538272295,98.02,"AguaSalud",256
10,"AnEx|TaRo","2",40,8.544206487,1.674271645,3.021087693,83.71,"AguaSalud",268
10,"AnEx|TaRo","2",20,8.617534338,1.960568694,4.263165546,17.65,"AguaSalud",284
10,"AnEx|TaRo","2",26,11.76309304,1.790849891,4.205159949,38.49,"AguaSalud",320
10,"AnEx|TaRo","2",25,11.84444796,1.68897884,3.653044824,77.03,"AguaSalud",324
10,"AnEx|TaRo","2",31,11.72502444,2.045507437,5.822464783,29.79,"AguaSalud",335
10,"AnEx|TaRo","2",20,9.646056619,1.767883001,3.638024132,93.39,"AguaSalud",377
10,"AnEx|TaRo","2",18,10.40018651,1.659725007,3.275562198,99.99,"AguaSalud",403
10,"AnEx|TaRo","2",18,7.799702325,1.586540467,2.58073744,100,"AguaSalud",415
11,"DaRe|PaQu","2",23,9.642374741,2.023172758,4.873610388,3.95,"AguaSalud",197
11,"DaRe|PaQu","2",20.5,10.96513597,1.913003247,4.628324558,17.545,"AguaSalud",202
11,"DaRe|PaQu","2",27,11.27935254,1.78947618,4.112172523,17.275,"AguaSalud",211
11,"DaRe|PaQu","2",18,13.6588103,1.727513289,4.175523008,3.95,"AguaSalud",221
11,"DaRe|PaQu","2",19,9.405189553,2.051932161,5.007707418,18.21,"AguaSalud",243
11,"DaRe|PaQu","2",18,7.4246806,1.882881221,3.556048331,71.82,"AguaSalud",255
11,"DaRe|PaQu","2",25,10.86593026,1.862301051,4.407981034,17.1,"AguaSalud",276
11,"DaRe|PaQu","2",18,7.672496325,1.93436829,3.835873211,1.86,"AguaSalud",308
11,"DaRe|PaQu","2",12,7.046323888,2.454970302,5.775208226,0.57,"AguaSalud",326
11,"DaRe|PaQu","2",8,6.249056398,1.898449454,3.237031182,99.46,"AguaSalud",327
11,"DaRe|PaQu","2",26,11.18130812,1.824471111,4.270200573,3.35,"AguaSalud",371
11,"DaRe|PaQu","2",23,9.975743512,1.681375816,3.304184945,73.61,"AguaSalud",414
11,"DaRe|PaQu","2",17,9.61749067,1.837290334,3.962675018,5.34,"AguaSalud",418
12,"DaRe|TeAm","2",22.5,17.34607902,1.577269853,3.667568755,6.82,"AguaSalud",195
12,"DaRe|TeAm","2",24,15.63979934,1.58898558,3.5730859,6.07,"AguaSalud",217
12,"DaRe|TeAm","2",17,6.397743992,1.934879649,3.404192417,21.09,"AguaSalud",222
12,"DaRe|TeAm","2",24,16.61349809,1.551923931,3.438642622,6.14,"AguaSalud",230
12,"DaRe|TeAm","2",22,15.7744066,1.642547319,3.930810712,4.31,"AguaSalud",251
12,"DaRe|TeAm","2",18,13.51356646,1.620074236,3.512083431,11.49,"AguaSalud",286
12,"DaRe|TeAm","2",24,15.39305927,1.66373172,4.021826394,6.11,"AguaSalud",311
12,"DaRe|TeAm","2",32,16.58232091,1.966117963,6.676589237,3.64,"AguaSalud",334
12,"DaRe|TeAm","2",26,18.95216673,1.845507941,6.06584461,5.5,"AguaSalud",344
12,"DaRe|TeAm","2",24,17.67549804,1.48231693,3.097229694,9.11,"AguaSalud",373
12,"DaRe|TeAm","2",24,18.33422975,1.600825572,3.929974142,7.63,"AguaSalud",380
12,"DaRe|TeAm","2",18,11.16728067,1.812301764,4.198625739,1.48,"AguaSalud",393
12,"DaRe|TeAm","2",28,17.1218791,1.740786095,4.828396625,3.42,"AguaSalud",407
13,"DaRe|TaRo","2",25,10.35603757,1.953262274,4.791192005,19.455,"AguaSalud",178
13,"DaRe|TaRo","2",20,10.7199524,1.825110334,4.170479011,4.86,"AguaSalud",193
13,"DaRe|TaRo","2",23,9.863011061,1.887844721,4.281828355,19.15,"AguaSalud",238
13,"DaRe|TaRo","2",25,9.657882967,2.052078239,5.104878264,12.67,"AguaSalud",252
13,"DaRe|TaRo","2",29,13.80981316,1.881947148,5.259551128,1.41,"AguaSalud",279
13,"DaRe|TaRo","2",14,10.30347556,2.007919971,5.083353436,2.9,"AguaSalud",283
13,"DaRe|TaRo","2",15,9.355001346,1.963124324,4.518614047,5.96,"AguaSalud",312
13,"DaRe|TaRo","2",31,10.37507216,2.064257213,5.449546394,5.35,"AguaSalud",338
13,"DaRe|TaRo","2",26,8.438531582,2.154395833,5.139482569,0.55,"AguaSalud",350
13,"DaRe|TaRo","2",21,9.134626097,1.697406423,3.223316006,94.15,"AguaSalud",352
13,"DaRe|TaRo","2",31,11.72423646,1.859689508,4.605430879,5.11,"AguaSalud",360
13,"DaRe|TaRo","2",15,5.828897653,1.843476249,2.939498741,70.62,"AguaSalud",375
13,"DaRe|TaRo","2",18,7.553747205,1.865883351,3.529720291,49.83,"AguaSalud",405
14,"PaQu|TeAm","2",26.5,17.71210427,1.776156437,5.187252809,4.42,"AguaSalud",179
14,"PaQu|TeAm","2",23.5,19.38616109,1.706751373,4.876225862,4.695,"AguaSalud",190
14,"PaQu|TeAm","2",24.5,17.60118199,1.650107485,4.23018736,3.955,"AguaSalud",191
14,"PaQu|TeAm","2",22,16.43207247,1.764788741,4.900741325,6.095,"AguaSalud",198
14,"PaQu|TeAm","2",18,11.80690099,1.585545236,3.120166982,7.74,"AguaSalud",246
14,"PaQu|TeAm","2",34,21.84631362,1.883233625,7.04390358,5.9,"AguaSalud",278
14,"PaQu|TeAm","2",20,13.18724299,1.691207337,3.877722425,3.22,"AguaSalud",288
14,"PaQu|TeAm","2",26,19.16335558,1.741064549,5.141931568,5.29,"AguaSalud",309
14,"PaQu|TeAm","2",32,21.15884128,1.737277067,5.396278166,8.97,"AguaSalud",336
14,"PaQu|TeAm","2",27,17.87215688,1.551268498,3.546476408,10.19,"AguaSalud",359
14,"PaQu|TeAm","2",23,16.52342903,1.857845818,5.682150801,5.71,"AguaSalud",383
14,"PaQu|TeAm","2",20,12.12619194,1.999351955,5.63416201,2.96,"AguaSalud",395
14,"PaQu|TeAm","2",19,14.49348524,1.611540577,3.581795303,19.21,"AguaSalud",416
15,"PaQu|TaRo","2",25.5,9.388768982,2.37379092,6.858971918,3.52,"AguaSalud",200
15,"PaQu|TaRo","2",23,12.50785709,1.698876341,3.814791424,80.6,"AguaSalud",218
15,"PaQu|TaRo","2",14,8.507329177,1.563753998,2.604357769,73.14,"AguaSalud",227
15,"PaQu|TaRo","2",22,6.375628945,2.410703757,5.104049507,1.57,"AguaSalud",232
15,"PaQu|TaRo","2",30,12.67718676,1.85715756,4.817515804,41.55,"AguaSalud",261
15,"PaQu|TaRo","2",24,10.09653173,1.934179661,4.596588528,47.03,"AguaSalud",274
15,"PaQu|TaRo","2",12,6.863104602,1.967779483,3.683372227,36.38,"AguaSalud",292
15,"PaQu|TaRo","2",19,8.729201666,1.995512414,4.468071517,98.15,"AguaSalud",298
15,"PaQu|TaRo","2",16,7.576660203,2.045748107,4.260868739,2.55,"AguaSalud",315
15,"PaQu|TaRo","2",24,7.888927867,2.143364864,4.829096066,5.88,"AguaSalud",341
15,"PaQu|TaRo","2",20,8.532937489,2.0190875,4.510579904,0.48,"AguaSalud",368
15,"PaQu|TaRo","2",20,10.02426913,1.509334978,2.582869793,99.75,"AguaSalud",391
15,"PaQu|TaRo","2",20,7.178137822,1.677304168,2.771525586,95.59,"AguaSalud",410
16,"TeAm|TaRo","2",24,16.54921045,1.672293154,4.258339855,3.585,"AguaSalud",196
16,"TeAm|TaRo","2",19.5,15.27340613,1.595619113,3.561458534,5.415,"AguaSalud",208
16,"TeAm|TaRo","2",22,17.13121858,1.562989935,3.55639991,6.71,"AguaSalud",213
16,"TeAm|TaRo","2",27,18.67845973,1.521810776,3.418513417,8.69,"AguaSalud",225
16,"TeAm|TaRo","2",19,14.28162818,1.648950251,3.78049989,9.43,"AguaSalud",289
16,"TeAm|TaRo","2",18,11.94339401,1.581791509,3.118355527,6.19,"AguaSalud",316
16,"TeAm|TaRo","2",25,12.57841139,1.724451946,3.97371127,5.84,"AguaSalud",330
16,"TeAm|TaRo","2",21,14.99126408,1.757709148,4.604538519,4.71,"AguaSalud",355
16,"TeAm|TaRo","2",28,19.14510508,1.563168114,3.73864236,5.13,"AguaSalud",361
16,"TeAm|TaRo","2",21,13.4631997,1.661720232,3.744913066,5.81,"AguaSalud",376
16,"TeAm|TaRo","2",17,10.32337776,2.024770754,5.190475893,5.43,"AguaSalud",394
16,"TeAm|TaRo","2",20,11.19433714,1.939360786,4.952368112,2.31,"AguaSalud",404
22,"CoAl|HuCr|TaRo","3",16.75,10.821340695,2.04989273,5.5586519435,0.49,"Sardinillia",101
23,"AnEx|CoAl|TaRo","3",16.5,12.165697435,2.2366348365,7.468376702,2.6425,"Sardinillia",102
24,"AnEx|CoAl|CeOd|HuCr|LuSe|TaRo","6",22,17.56175197,2.082490267,8.1482851955,-0.18,"Sardinillia",103
24,"AnEx|CoAl|CeOd|HuCr|LuSe|TaRo","6",23,18.031293475,1.843552592,5.88023886,0.9675,"Sardinillia",104
24,"AnEx|CoAl|CeOd|HuCr|LuSe|TaRo","6",19,14.81936824,2.0190240475,6.695497588,0.2825,"Sardinillia",105
24,"AnEx|CoAl|CeOd|HuCr|LuSe|TaRo","6",23.25,17.58761902,2.0769705555,8.1643794755,-0.56,"Sardinillia",106
24,"AnEx|CoAl|CeOd|HuCr|LuSe|TaRo","6",21.75,15.66335823,1.9797823705,6.5611783425,-0.2475,"Sardinillia",107
24,"AnEx|CoAl|CeOd|HuCr|LuSe|TaRo","6",19.75,15.37722883,1.8945165695,5.734866628,3.1075,"Sardinillia",108
25,"CoAf|DoAn|DoAb|JuPr","4",2,2.015453311,26.57146458,9.960777719,97.27,"IDENT",578
25,"CoAf|DoAn|DoAb|JuPr","4",3,2.48832944,8.78475317,7.249612545,95.12,"IDENT",613
25,"CoAf|DoAn|DoAb|JuPr","4",3,2.371474683,1.553295671,1.462683075,100,"IDENT",638
25,"CoAf|DoAn|DoAb|JuPr","4",5,2.062162373,6.265859891,3.774147367,82.4,"IDENT",659
26,"AfFa|DoAn|FaAl|OlEu","4",2,2.331864559,6.27978094,4.737990863,44.67,"IDENT",542
26,"AfFa|DoAn|FaAl|OlEu","4",3,2.207694507,5.168081104,3.672148808,99.68,"IDENT",592
26,"AfFa|DoAn|FaAl|OlEu","4",2,2.105608995,7.751387467,4.594477683,88.6,"IDENT",598
26,"AfFa|DoAn|FaAl|OlEu","4",3,2.401645666,6.166864086,4.922868324,35.79,"IDENT",625
26,"AfFa|DoAn|FaAl|OlEu","2",0,0,0,0,0,"IDENT",670
26,"AfFa|DoAn|FaAl|OlEu","4",2,1.930557077,22.87126068,7.837051906,64.77,"IDENT",713
27,"AfFa|DoAb|FaAl|ZiSc","4",0,0,0,0,0,"IDENT",529
27,"AfFa|DoAb|FaAl|ZiSc","4",0,0,0,0,0,"IDENT",588
27,"AfFa|DoAb|FaAl|ZiSc","4",0,0,0,0,0,"IDENT",646
27,"AfFa|DoAb|FaAl|ZiSc","4",1,1.993248145,0.552054502,0.663785932,94.08,"IDENT",676
27,"AfFa|DoAb|FaAl|ZiSc","4",2,1.938128847,8.154402215,4.009489956,99.99,"IDENT",693
28,"AcAb|DoAn|JuPr|ZiSc","4",4,2.783328801,5.600878745,5.83378809,16.74,"IDENT",532
28,"AcAb|DoAn|JuPr|ZiSc","4",2,2.219881529,13.21755388,7.835491241,13,"IDENT",584
28,"AcAb|DoAn|JuPr|ZiSc","4",3,2.406463009,8.323003264,6.429117109,5.6,"IDENT",615
28,"AcAb|DoAn|JuPr|ZiSc","4",3,2.291652704,14.98741862,9.440583328,4.41,"IDENT",624
28,"AcAb|DoAn|JuPr|ZiSc","4",2,1.810518224,23.35752063,6.491066545,68.45,"IDENT",661
28,"AcAb|DoAn|JuPr|ZiSc","4",2,2.479504711,7.140430302,5.959803804,28.68,"IDENT",684
29,"AcAb|AfFa|CoAf|DoAb","4",6,2.222573428,12.1462465,7.346944007,17.24,"IDENT",539
29,"AcAb|AfFa|CoAf|DoAb","4",2,2.3119849,6.263024057,4.653608588,7.64,"IDENT",568
29,"AcAb|AfFa|CoAf|DoAb","4",2,2.324126269,6.863543289,5.075726316,27.36,"IDENT",597
29,"AcAb|AfFa|CoAf|DoAb","4",2,2.289464601,6.23838899,4.555885661,94.01,"IDENT",657
29,"AcAb|AfFa|CoAf|DoAb","4",3,2.360019508,6.579619687,5.041553491,11.3,"IDENT",706
30,"AcAb|AfFa|FaAl|OlEu","4",3,2.346685473,5.535238975,4.304257286,1.07,"IDENT",536
30,"AcAb|AfFa|FaAl|OlEu","4",3,2.362366763,12.70450713,8.892682295,9.28,"IDENT",622
30,"AcAb|AfFa|FaAl|OlEu","4",0,0,0,0,0,"IDENT",640
30,"AcAb|AfFa|FaAl|OlEu","4",3,2.389200078,10.34259343,7.650683962,11.33,"IDENT",703
31,"AcAb|AfFa|JuPr|OlEu","4",2,2.360970169,7.052942883,5.355644685,16.43,"IDENT",540
31,"AcAb|AfFa|JuPr|OlEu","4",2,1.902843053,5.162317746,2.874802576,66.19,"IDENT",579
31,"AcAb|AfFa|JuPr|OlEu","4",2,2.362602447,6.966219109,5.30613589,8.21,"IDENT",717
32,"AfFa|CoAf|DoAb|ZiSc","4",3,2.419856785,3.195054455,2.791333059,98.25,"IDENT",550
32,"AfFa|CoAf|DoAb|ZiSc","4",0,0,0,0,0,"IDENT",583
32,"AfFa|CoAf|DoAb|ZiSc","4",3,2.120494704,2.459952423,1.967160657,86.69,"IDENT",643
32,"AfFa|CoAf|DoAb|ZiSc","4",0,0,0,0,0,"IDENT",664
32,"AfFa|CoAf|DoAb|ZiSc","4",4,3.245804982,4.785484254,6.317130537,40.13,"IDENT",698
33,"CoAf|DoAn|JuPr|OlEu","4",2,2.011216618,3.414560185,2.358643172,73.59,"IDENT",575
33,"CoAf|DoAn|JuPr|OlEu","4",3,2.449017578,6.460569739,5.318008203,40.68,"IDENT",614
33,"CoAf|DoAn|JuPr|OlEu","4",2,2.081436071,11.18798437,5.872134741,47.17,"IDENT",633
33,"CoAf|DoAn|JuPr|OlEu","4",0,0,0,0,0,"IDENT",669
33,"CoAf|DoAn|JuPr|OlEu","4",2,2.366506815,6.979219865,5.331726476,65.07,"IDENT",714
34,"AcAb|CoAf|DoAn|FaAl","4",3,2.331898239,5.318211223,4.116168193,49.58,"IDENT",537
34,"AcAb|CoAf|DoAn|FaAl","4",2,2.230208647,8.489824421,5.559876492,14.89,"IDENT",577
34,"AcAb|CoAf|DoAn|FaAl","4",2,2.314883427,4.638961414,3.625488094,8.76,"IDENT",616
34,"AcAb|CoAf|DoAn|FaAl","4",2,2.239733442,10.6028505,6.712071567,4.48,"IDENT",639
34,"AcAb|CoAf|DoAn|FaAl","4",3,2.207460993,8.647996183,5.519375687,16.9,"IDENT",663
34,"AcAb|CoAf|DoAn|FaAl","4",4,2.864505307,5.578371344,6.10409348,23.17,"IDENT",704
35,"DoAn|FaAl|OlEu|ZiSc","4",2,1.911620735,3.99662164,2.453962182,99.78,"IDENT",569
35,"DoAn|FaAl|OlEu|ZiSc","4",3,2.286976311,6.55814471,4.738776191,38.34,"IDENT",610
35,"DoAn|FaAl|OlEu|ZiSc","4",2,1.865938858,8.581140019,3.822188217,94.69,"IDENT",674
36,"AfFa|DoAb|JuPr|ZiSc","4",2,2.327590268,8.098182427,5.853778022,100,"IDENT",585
36,"AfFa|DoAb|JuPr|ZiSc","4",0,0,0,0,0,"IDENT",636
36,"AfFa|DoAb|JuPr|ZiSc","2",2,2.133774776,8.918823802,5.250867892,99.43,"IDENT",689
37,"DoAb|JuPr|OlEu|ZiSc","4",2,1.838975875,1.291911657,1.168864084,96.92,"IDENT",533
37,"DoAb|JuPr|OlEu|ZiSc","4",2,2.180588795,2.982189596,2.343933443,99.99,"IDENT",586
37,"DoAb|JuPr|OlEu|ZiSc","4",3,2.543517551,1.646286649,1.59264225,100,"IDENT",601
37,"DoAb|JuPr|OlEu|ZiSc","4",2,1.757034375,2.9608675,1.843761057,100,"IDENT",641
37,"DoAb|JuPr|OlEu|ZiSc","4",0,0,0,0,0,"IDENT",668
37,"DoAb|JuPr|OlEu|ZiSc","4",2,2.090190938,19.56183221,8.955682215,100,"IDENT",688
38,"AcAb|DoAn|DoAb|FaAl","4",3,2.333164161,7.609374824,5.580860927,7.14,"IDENT",528
38,"AcAb|DoAn|DoAb|FaAl","4",2,2.364986744,5.600520707,4.406100253,36.81,"IDENT",576
38,"AcAb|DoAn|DoAb|FaAl","4",3,2.406984538,5.631761474,4.564013773,0.14,"IDENT",602
38,"AcAb|DoAn|DoAb|FaAl","4",3,2.247368431,9.117138948,5.987630973,29.64,"IDENT",628
38,"AcAb|DoAn|DoAb|FaAl","4",2,2.106364789,12.69654895,6.640574914,40.3,"IDENT",683
39,"AcAb|CoAf|FaAl|ZiSc","4",3,2.444408797,3.089917579,2.741044891,65.98,"IDENT",558
39,"AcAb|CoAf|FaAl|ZiSc","4",2,2.227930098,5.895665149,4.142409114,83.42,"IDENT",574
39,"AcAb|CoAf|FaAl|ZiSc","4",2,2.266255777,4.943220894,3.696491776,57.32,"IDENT",649
39,"AcAb|CoAf|FaAl|ZiSc","4",3,2.29487651,7.610519381,5.397248022,4.26,"IDENT",660
39,"AcAb|CoAf|FaAl|ZiSc","4",3,2.539337794,3.664624601,3.354447243,36.47,"IDENT",692
40,"AfFa|JuPr|OlEu|ZiSc","4",2,2.545457918,2.098549944,1.998815052,100,"IDENT",561
40,"AfFa|JuPr|OlEu|ZiSc","4",2,1.793910754,17.59541138,5.343292541,99.99,"IDENT",695
41,"AfFa|CoAf|DoAb|OlEu","4",0,0,0,0,0,"IDENT",589
41,"AfFa|CoAf|DoAb|OlEu","4",2,2.034361443,8.644830334,4.626659834,82.58,"IDENT",599
41,"AfFa|CoAf|DoAb|OlEu","4",3,1.962396503,5.371831111,3.106161124,100,"IDENT",629
42,"AcAb|DoAn|OlEu|ZiSc","4",2,2.262944365,9.959651879,6.53480819,51.26,"IDENT",554
42,"AcAb|DoAn|OlEu|ZiSc","4",3,2.280857113,11.30211482,7.385573275,4.72,"IDENT",565
42,"AcAb|DoAn|OlEu|ZiSc","4",3,2.386439153,7.592231985,5.8310591,32.84,"IDENT",632
42,"AcAb|DoAn|OlEu|ZiSc","4",2,1.977664434,1.298695776,1.195095458,66.37,"IDENT",702
43,"JuPr|ZiSc","2",0,0,0,0,0,"IDENT",570
43,"JuPr|ZiSc","2",3,2.330011394,0.472406907,0.530289281,28.61,"IDENT",612
44,"AfFa|DoAb","2",3,2.850004796,2.287862883,2.379241153,99.19,"IDENT",534
44,"AfFa|DoAb","2",0,0,0,0,0,"IDENT",581
44,"AfFa|DoAb","2",2,1.951224408,0.919352712,0.945342956,100,"IDENT",621
44,"AfFa|DoAb","2",2,1.898553268,0.372620315,0.531058462,99.59,"IDENT",656
45,"CoAf|DoAn","2",2,2.131733268,14.49012309,7.565829388,73.94,"IDENT",609
45,"CoAf|DoAn","2",3,2.416948962,4.388435281,3.688435155,75.74,"IDENT",635
45,"CoAf|DoAn","2",3,2.090053873,5.993221008,3.743546816,79.29,"IDENT",680
45,"CoAf|DoAn","2",0,0,0,0,0,"IDENT",701
46,"AfFa|DoAn","2",2,2.206509371,10.00723696,6.189569517,29.7,"IDENT",559
46,"AfFa|DoAn","2",3,2.217278085,1.990077459,1.729753805,64.68,"IDENT",604
46,"AfFa|DoAn","2",3,2.355510655,9.389837726,6.812902166,23.58,"IDENT",637
46,"AfFa|DoAn","2",0,0,0,0,0,"IDENT",678
46,"AfFa|DoAn","2",2,2.034368764,21.10335229,8.720377851,80.44,"IDENT",707
47,"AcAb|AfFa","2",3,2.370190884,7.388610642,5.617512559,4.1,"IDENT",560
47,"AcAb|AfFa","2",3,2.207283802,7.939957286,5.157538404,6.47,"IDENT",572
47,"AcAb|AfFa","2",3,2.385863158,10.94007609,8.007400243,2.83,"IDENT",620
47,"AcAb|AfFa","2",2,2.190671069,13.37744867,7.643827162,2.9,"IDENT",650
47,"AcAb|AfFa","2",3,2.387667114,8.083200963,6.164318179,43.51,"IDENT",679
47,"AcAb|AfFa","2",4,2.564649513,5.68871772,5.141490372,18.37,"IDENT",699
48,"FaAl|JuPr","2",3,2.641127921,5.040397386,4.811029889,91.15,"IDENT",549
48,"FaAl|JuPr","2",4,2.574345861,6.920247156,6.228954836,96.55,"IDENT",619
48,"FaAl|JuPr","2",3,2.586098097,3.271586182,3.083882132,100,"IDENT",716
49,"AcAb|OlEu|ZiSc","2",3,2.404751372,8.924879434,6.825001163,26.5,"IDENT",547
49,"AcAb|OlEu|ZiSc","2",5,2.037336621,13.33704394,6.318895894,35.64,"IDENT",573
49,"AcAb|OlEu|ZiSc","2",0,0,0,0,0,"IDENT",675
49,"AcAb|OlEu|ZiSc","2",3,2.41309303,8.278799136,6.436444197,31.93,"IDENT",712
50,"AcAb|DoAn","2",3,2.365454136,7.607236168,5.737331547,23.47,"IDENT",535
50,"AcAb|DoAn","2",2,2.237577934,7.677528147,5.163593192,2.21,"IDENT",564
50,"AcAb|DoAn","2",3,2.335105435,7.904609771,5.77369486,3.27,"IDENT",594
50,"AcAb|DoAn","2",2,2.20855132,7.733343591,5.056920186,20.84,"IDENT",642
50,"AcAb|DoAn","2",3,2.39473283,6.454575283,5.09605955,16.3,"IDENT",711
51,"DoAb|FaAl","2",2,2.099728795,17.44518397,8.338445536,100,"IDENT",530
51,"DoAb|FaAl","2",0,0,0,0,0,"IDENT",567
51,"DoAb|FaAl","2",2,1.842751254,1.501131127,1.281851156,100,"IDENT",671
51,"DoAb|FaAl","2",2,2.12841904,0.521603844,0.611624722,100,"IDENT",715
52,"DoAb|JuPr","2",2,2.311682387,0.318241584,0.383109089,100,"IDENT",531
52,"DoAb|JuPr","2",2,1.875895404,3.582042208,2.231494994,100,"IDENT",634
53,"OlEu|ZiSc","2",2,1.911076901,34.57068953,9.921338697,43.31,"IDENT",556
53,"OlEu|ZiSc","2",0,0,0,0,0,"IDENT",593
53,"OlEu|ZiSc","2",2,1.971911538,4.563200909,2.803149694,99.94,"IDENT",645
53,"OlEu|ZiSc","2",3,2.036502502,1.456615819,1.306701872,100,"IDENT",677
54,"AfFa|CoAf","2",3,2.588025046,3.621414842,3.399652987,69.66,"IDENT",557
54,"AfFa|CoAf","2",2,1.813119265,1.01485858,1.008815163,98.15,"IDENT",562
54,"AfFa|CoAf","2",0,0,0,0,0,"IDENT",607
54,"AfFa|CoAf","2",0,0,0,0,0,"IDENT",652
54,"AfFa|CoAf","2",3,2.072557977,7.298951326,4.25725884,47.37,"IDENT",667
54,"AfFa|CoAf","2",0,0,0,0,0,"IDENT",708
55,"AfFa|JuPr","2",2,1.913103852,0.859764459,0.906630247,99.98,"IDENT",681
56,"FaAl|ZiSc","2",0,0,0,0,0,"IDENT",541
56,"FaAl|ZiSc","2",2,2.299163746,1.531891931,1.426299859,100,"IDENT",582
56,"FaAl|ZiSc","2",2,1.9743737,5.443780927,3.166629975,100,"IDENT",617
56,"FaAl|ZiSc","2",2,2.255755497,2.149160293,1.863355306,54.97,"IDENT",627
56,"FaAl|ZiSc","2",0,0,0,0,0,"IDENT",696
57,"JuPr|OlEu","2",2,2.053752299,1.49525233,1.335784855,89.3,"IDENT",546
57,"JuPr|OlEu","2",0,0,0,0,0,"IDENT",563
57,"JuPr|OlEu","2",1.5,1.127118677,2.644020609,1.935853622,9.085,"IDENT",653
57,"JuPr|OlEu","2",0,0,0,0,0,"IDENT",666
57,"JuPr|OlEu","2",2,2.27393099,5.920256831,4.310081871,100,"IDENT",685
58,"AcAb|ZiSc","2",3,2.411478529,6.894263352,5.471049061,3.25,"IDENT",552
58,"AcAb|ZiSc","2",3,2.516894935,9.220256286,7.771106126,1.73,"IDENT",603
58,"AcAb|ZiSc","2",3,2.280157906,5.379650568,4.002397007,20.56,"IDENT",654
58,"AcAb|ZiSc","2",3,2.454627298,5.358490342,4.515042571,14.36,"IDENT",658
58,"AcAb|ZiSc","2",3,2.334642967,4.49717318,3.577673547,10.03,"IDENT",705
59,"CoAf|OlEu","2",2,2.189115236,15.95685385,8.760040804,98.93,"IDENT",545
59,"CoAf|OlEu","2",0,0,0,0,0,"IDENT",611
59,"CoAf|OlEu","2",2,2.133774776,8.918823802,5.250867892,99.43,"IDENT",690
59,"CoAf|OlEu","2",2,2.210905679,6.671990726,4.507815252,99.68,"IDENT",700
60,"DoAn|DoAb","2",3,2.0943539,6.985563661,4.207961844,87.88,"IDENT",538
60,"DoAn|DoAb","2",3,2.362998474,8.673106385,6.408639107,58.22,"IDENT",618
60,"DoAn|DoAb","2",3,2.240476097,9.514203478,6.155193091,72.13,"IDENT",626
61,"ZiSc","1",2,2.243718945,0.337025735,0.41522942,100,"IDENT",543
61,"ZiSc","4",2,2.41513226,3.002001124,2.636082219,100,"IDENT",596
61,"ZiSc","1",0,0,0,0,0,"IDENT",655
61,"ZiSc","1",3,2.379027112,0.561013977,0.605951118,99.96,"IDENT",691
62,"OlEu","1",2,1.89591163,6.341661435,3.259636163,93.24,"IDENT",623
62,"OlEu","1",0,0,0,0,0,"IDENT",665
63,"JuPr","1",2,2.32849201,5.413633318,4.168310471,100,"IDENT",587
63,"JuPr","1",3,1.828448271,2.841073364,1.877854744,99.98,"IDENT",673
63,"JuPr","1",3,2.552354733,1.476876132,1.441047065,100,"IDENT",697
64,"FaAl","1",2,1.966937464,0.043999794,0.120871677,80.26,"IDENT",555
64,"FaAl","1",2,1.681732809,0.077184052,0.264064099,100,"IDENT",580
64,"FaAl","1",3,2.387229057,3.275652474,2.807875153,96.47,"IDENT",630
64,"FaAl","1",2,1.800805935,15.71012352,5.053984165,83.85,"IDENT",694
65,"DoAb","1",0,0,0,0,0,"IDENT",590
65,"DoAb","1",3,2.089036098,8.732773659,4.935707659,99.95,"IDENT",600
65,"DoAb","1",2,2.3787245,11.83164481,8.508690457,100,"IDENT",648
65,"DoAb","1",0,0,0,0,0,"IDENT",687
66,"DoAn","1",3,2.383462843,6.471346274,5.062825599,17.92,"IDENT",544
66,"DoAn","1",4,2.461683894,10.93356975,8.625100919,18.27,"IDENT",608
66,"DoAn","1",3,2.360510223,8.638872134,6.372387248,37.63,"IDENT",631
66,"DoAn","1",2,2.154850926,12.96017103,7.147846725,15.13,"IDENT",709
67,"CoAf","1",3,2.490306325,0.620322385,0.646819311,94.65,"IDENT",553
67,"CoAf","1",2,2.465533392,1.795065956,1.695447078,99.99,"IDENT",566
67,"CoAf","1",3,2.487455384,1.799451609,1.708044172,95.18,"IDENT",606
67,"CoAf","1",2,2.387792983,0.955078959,0.960786287,99.99,"IDENT",647
67,"CoAf","1",3,2.497873282,4.965530215,4.336252412,89.52,"IDENT",710
68,"AfFa","1",2,2.635491814,2.432587561,2.366613353,100,"IDENT",548
68,"AfFa","1",0,0,0,0,0,"IDENT",591
68,"AfFa","1",0,0,0,0,0,"IDENT",605
68,"AfFa","1",2,2.279917682,0.545644696,0.606983842,100,"IDENT",651
68,"AfFa","1",2,2.010286861,7.067724388,3.917714458,100,"IDENT",662
68,"AfFa","1",0,0,0,0,0,"IDENT",682
69,"AcAb","1",2,2.330927415,6.919036724,5.139279592,9.7,"IDENT",551
69,"AcAb","1",2,2.11120448,9.666531383,5.448187001,17.71,"IDENT",571
69,"AcAb","1",2,2.298312169,6.57865715,4.795494313,4.05,"IDENT",595
69,"AcAb","1",2,1.812213563,7.665160696,3.356535825,18.52,"IDENT",644
69,"AcAb","1",3,1.897265598,4.865412402,2.754487692,1.69,"IDENT",672
69,"AcAb","1",2,2.269010372,6.216540023,4.468782492,16.15,"IDENT",686
70,"DiCo|DrLa|PaTo|ShJo","4",47,11.78827996,2.383584448,8.434754848,-0.455,"Sabah",1
70,"DiCo|DrLa|PaTo|ShJo","4",47,18.52876062,2.06727177,7.742385853,8.94,"Sabah",3
71,"PaMa|PaTo|ShMr|ShOv","4",35.5,10.8166666,2.40709607,7.321545054,-0.17,"Sabah",5
71,"PaMa|PaTo|ShMr|ShOv","4",52,16.6074616,2.182235657,8.692979572,1.775,"Sabah",6
72,"HoSa|HoFe|ShMl|ShPa","4",38,12.16040813,2.302562249,7.983954837,-0.31,"Sabah",7
72,"HoSa|HoFe|ShMl|ShPa","4",48,6.055496485,2.654107262,5.800466304,-0.71,"Sabah",8
73,"HoSa|HoFe|ShAr|ShPa","4",55,9.802550327,2.472839856,7.911345582,-0.13,"Sabah",9
73,"HoSa|HoFe|ShAr|ShPa","4",51.5,14.36170531,2.154720869,7.555372275,0.28,"Sabah",10
74,"HoSa|HoFe|ShJo|ShBe","4",34.5,12.17480925,2.300120622,7.738038451,-0.335,"Sabah",11
74,"HoSa|HoFe|ShJo|ShBe","4",51,13.40926444,2.320017174,8.885894045,-0.2,"Sabah",12
75,"HoSa|HoFe|ShGi|ShMr","4",48,11.15637968,2.340971103,7.713519464,-0.27,"Sabah",13
75,"HoSa|HoFe|ShGi|ShMr","4",49.5,12.89561118,2.288482003,8.162796051,1.07,"Sabah",14
76,"HoSa|HoFe|ShJo|ShAr","4",41.5,13.42423886,1.974128077,5.825188654,31.915,"Sabah",15
76,"HoSa|HoFe|ShJo|ShAr","4",43,12.64873891,2.281169887,7.796297867,3.205,"Sabah",16
77,"HoSa|HoFe|ShJo|ShAr","4",49.5,13.93662526,2.296122701,8.832582506,-0.39,"Sabah",17
77,"HoSa|HoFe|ShJo|ShAr","4",41.5,9.644000963,2.390280568,7.270803426,-0.08,"Sabah",18
78,"DiCo|DrLa|PaMa|ShFa","4",40.5,11.72606659,2.360387719,8.164245968,0.9,"Sabah",19
78,"DiCo|DrLa|PaMa|ShFa","4",46.5,8.741976686,2.872194297,9.462004396,1.15,"Sabah",20
79,"PaMa|PaTo|ShBe|ShLe","4",43,11.40929756,2.333426948,7.833861634,-0.385,"Sabah",2
79,"PaMa|PaTo|ShBe|ShLe","4",49,7.631634577,2.589374406,6.629653689,-0.74,"Sabah",4
80,"DiCo|DrLa|PaTo|ShGi","4",46.5,12.82209073,2.086268158,6.403349775,1.725,"Sabah",21
80,"DiCo|DrLa|PaTo|ShGi","4",44,16.42121134,2.118313105,8.159705881,0.485,"Sabah",22
81,"DiCo|DrLa|PaMa|ShJo","4",41,11.32874172,2.401981246,8.323254914,-0.295,"Sabah",23
81,"DiCo|DrLa|PaMa|ShJo","4",42,10.16623032,2.457707253,8.047617637,2.24,"Sabah",24
82,"DiCo|DrLa|HoSa|ShMl","4",39,9.950287013,2.591681385,8.902411707,-0.565,"Sabah",25
82,"DiCo|DrLa|HoSa|ShMl","4",33.5,12.45542026,2.172756262,6.739316995,0.43,"Sabah",26
83,"DiCo|DrLa|HoFe|ShOv","4",46.5,13.55558462,2.295407718,7.99448017,-0.11,"Sabah",27
83,"DiCo|DrLa|HoFe|ShOv","4",46,14.91723901,2.248831285,8.471707151,0.53,"Sabah",28
84,"DiCo|DrLa|HoSa|ShOv","4",46,12.15535009,2.193133319,7.071984728,0.255,"Sabah",29
84,"DiCo|DrLa|HoSa|ShOv","4",60,12.21202831,2.463716765,9.548279912,-0.44,"Sabah",30
85,"DiCo|DrLa|HoFe|ShMl","4",41,10.98700669,2.427479235,8.025351325,7.755,"Sabah",31
85,"DiCo|DrLa|HoFe|ShMl","4",48,11.55901127,2.340374655,7.993088534,0.105,"Sabah",32
86,"ShAr","1",43.5,13.14948407,2.251123407,7.941935453,-0.02,"Sabah",33
86,"ShAr","1",51.5,11.7435291,2.435988434,7.848723081,0.24,"Sabah",34
87,"ShBe","1",42,11.34058675,2.367567265,8.037315514,-0.63,"Sabah",35
87,"ShBe","1",45.5,15.78132893,2.292736897,9.788777861,-0.29,"Sabah",36
88,"DiCo","1",47,12.33475499,2.371382443,8.73382402,0.595,"Sabah",37
88,"DiCo","1",45.5,9.524878891,2.591420105,8.532512958,0.21,"Sabah",38
89,"ShFa","1",53,17.60751324,2.034448992,7.671490517,0.3,"Sabah",39
89,"ShFa","1",53.5,9.480495748,2.49934958,7.827377583,2.735,"Sabah",40
90,"HoFe","1",35.5,9.230190545,2.477039882,7.272103097,-0.08,"Sabah",41
90,"HoFe","1",45,11.87986059,2.382054165,8.526855651,-0.635,"Sabah",42
91,"ShGi","1",48.5,8.770378707,2.448760379,7.012064477,-0.355,"Sabah",43
91,"ShGi","1",51,13.21474095,2.216181466,7.794263841,-0.295,"Sabah",44
92,"ShJo","1",41.5,10.76591483,2.465213542,8.476118053,-0.605,"Sabah",45
92,"ShJo","1",51,13.09513899,2.33401733,8.84814908,-0.45,"Sabah",46
93,"DrLa","1",35.5,7.997674092,2.590883473,7.095415811,-0.565,"Sabah",47
93,"DrLa","1",41.5,13.23417196,2.362109699,9.175082634,-0.61,"Sabah",48
94,"ShLe","1",36.5,13.12058876,2.374349547,8.000781603,4.07,"Sabah",49
94,"ShLe","1",46.5,12.00538756,2.376184199,8.686598696,-0.1,"Sabah",50
95,"ShMl","1",44,15.46294432,2.228530631,8.028207279,0.48,"Sabah",51
95,"ShMl","1",46,17.60821553,2.009714647,7.009015675,3.45,"Sabah",52
96,"ShMr","1",40.5,15.47044657,2.247227015,9.075278244,0.19,"Sabah",53
96,"ShMr","1",36.5,5.341201573,3.192554018,6.266135143,2.825,"Sabah",54
97,"PaMa","1",45.5,12.9294279,2.187905928,7.376948143,-0.255,"Sabah",55
97,"PaMa","1",49.5,16.99909144,2.201073981,8.048527834,-0.065,"Sabah",56
98,"ShOv","1",44.5,17.42599342,2.168852728,9.008503671,-0.265,"Sabah",57
98,"ShOv","1",45,19.63540404,2.037649126,7.078979272,0.365,"Sabah",58
99,"ShPa","1",39,15.76875213,2.175964593,8.500543609,0.055,"Sabah",59
99,"ShPa","1",48.5,11.7062141,2.366050387,8.328025652,-0.54,"Sabah",60
100,"HoSa","1",39.5,11.54967267,2.348859893,8.063611498,0,"Sabah",61
100,"HoSa","1",51,11.91935004,2.667872718,11.37906699,0.77,"Sabah",62
101,"PaTo","1",50.5,10.30935766,2.429136695,7.045763491,0.825,"Sabah",63
101,"PaTo","1",47,12.9541797,2.216422007,7.128434609,-0.26,"Sabah",64
102,"DiCo|DrLa|HoSa|HoFe|PaMa|PaTo|ShJo|ShGi|ShAr|ShFa|ShMl|ShMr|ShOv|ShPa|ShBe|ShLe","16",44.5,12.54295503,2.306313664,8.021989587,-0.255,"Sabah",65
102,"DiCo|DrLa|HoSa|HoFe|PaMa|PaTo|ShJo|ShGi|ShAr|ShFa|ShMl|ShMr|ShOv|ShPa|ShBe|ShLe","16",42.5,12.45906999,2.297484392,7.801459851,-0.245,"Sabah",66
102,"DiCo|DrLa|HoSa|HoFe|PaMa|PaTo|ShJo|ShGi|ShAr|ShFa|ShMl|ShMr|ShOv|ShPa|ShBe|ShLe","16",49,13.08744999,2.381956127,9.321872995,-0.52,"Sabah",67
102,"DiCo|DrLa|HoSa|HoFe|PaMa|PaTo|ShJo|ShGi|ShAr|ShFa|ShMl|ShMr|ShOv|ShPa|ShBe|ShLe","16",46,16.42868482,2.219624871,8.7871365,-0.355,"Sabah",68
102,"DiCo|DrLa|HoSa|HoFe|PaMa|PaTo|ShJo|ShGi|ShAr|ShFa|ShMl|ShMr|ShOv|ShPa|ShBe|ShLe","16",48,11.26562569,2.356422679,7.956944285,-0.1,"Sabah",69
102,"DiCo|DrLa|HoSa|HoFe|PaMa|PaTo|ShJo|ShGi|ShAr|ShFa|ShMl|ShMr|ShOv|ShPa|ShBe|ShLe","16",51,9.967307964,2.476423394,7.784953051,3.175,"Sabah",70
102,"DiCo|DrLa|HoSa|HoFe|PaMa|PaTo|ShJo|ShGi|ShAr|ShFa|ShMl|ShMr|ShOv|ShPa|ShBe|ShLe","16",51.5,17.01039755,2.130933726,8.484371435,-0.12,"Sabah",71
102,"DiCo|DrLa|HoSa|HoFe|PaMa|PaTo|ShJo|ShGi|ShAr|ShFa|ShMl|ShMr|ShOv|ShPa|ShBe|ShLe","16",42.5,16.74997089,2.10730161,7.236005562,-0.155,"Sabah",72
102,"DiCo|DrLa|HoSa|HoFe|PaMa|PaTo|ShJo|ShGi|ShAr|ShFa|ShMl|ShMr|ShOv|ShPa|ShBe|ShLe","16",42,14.86299423,2.263275958,9.051631778,0.275,"Sabah",73
102,"DiCo|DrLa|HoSa|HoFe|PaMa|PaTo|ShJo|ShGi|ShAr|ShFa|ShMl|ShMr|ShOv|ShPa|ShBe|ShLe","16",42.5,13.04104461,2.279991789,8.038959836,-0.215,"Sabah",74
102,"DiCo|DrLa|HoSa|HoFe|PaMa|PaTo|ShJo|ShGi|ShAr|ShFa|ShMl|ShMr|ShOv|ShPa|ShBe|ShLe","16",43,17.75197996,2.135448912,8.867009785,0.23,"Sabah",75
102,"DiCo|DrLa|HoSa|HoFe|PaMa|PaTo|ShJo|ShGi|ShAr|ShFa|ShMl|ShMr|ShOv|ShPa|ShBe|ShLe","16",39.5,13.60044564,2.310811104,8.823038321,-0.525,"Sabah",76
102,"DiCo|DrLa|HoSa|HoFe|PaMa|PaTo|ShJo|ShGi|ShAr|ShFa|ShMl|ShMr|ShOv|ShPa|ShBe|ShLe","16",45.5,8.805908441,2.539057229,7.59360561,-0.195,"Sabah",77
102,"DiCo|DrLa|HoSa|HoFe|PaMa|PaTo|ShJo|ShGi|ShAr|ShFa|ShMl|ShMr|ShOv|ShPa|ShBe|ShLe","16",49.5,15.59378453,2.241189765,8.501801124,0.105,"Sabah",78
102,"DiCo|DrLa|HoSa|HoFe|PaMa|PaTo|ShJo|ShGi|ShAr|ShFa|ShMl|ShMr|ShOv|ShPa|ShBe|ShLe","16",38,11.43716813,2.384886772,8.269193173,-0.385,"Sabah",79
102,"DiCo|DrLa|HoSa|HoFe|PaMa|PaTo|ShJo|ShGi|ShAr|ShFa|ShMl|ShMr|ShOv|ShPa|ShBe|ShLe","16",42,14.36857757,2.188246116,7.924405753,4.76,"Sabah",80
102,"DiCo|DrLa|HoSa|HoFe|PaMa|PaTo|ShJo|ShGi|ShAr|ShFa|ShMl|ShMr|ShOv|ShPa|ShBe|ShLe","16",47,15.18374401,2.067993188,6.875233697,2.03,"Sabah",81
102,"DiCo|DrLa|HoSa|HoFe|PaMa|PaTo|ShJo|ShGi|ShAr|ShFa|ShMl|ShMr|ShOv|ShPa|ShBe|ShLe","16",45.5,14.10544603,2.354303894,9.13920132,0.22,"Sabah",82
102,"DiCo|DrLa|HoSa|HoFe|PaMa|PaTo|ShJo|ShGi|ShAr|ShFa|ShMl|ShMr|ShOv|ShPa|ShBe|ShLe","16",44.5,11.69914474,2.322771085,7.830852283,1.92,"Sabah",83
102,"DiCo|DrLa|HoSa|HoFe|PaMa|PaTo|ShJo|ShGi|ShAr|ShFa|ShMl|ShMr|ShOv|ShPa|ShBe|ShLe","16",42,11.6429516,2.417210922,8.19668798,-0.345,"Sabah",84
102,"DiCo|DrLa|HoSa|HoFe|PaMa|PaTo|ShJo|ShGi|ShAr|ShFa|ShMl|ShMr|ShOv|ShPa|ShBe|ShLe","16",41,15.07620997,2.098308146,7.46354411,-0.095,"Sabah",85
102,"DiCo|DrLa|HoSa|HoFe|PaMa|PaTo|ShJo|ShGi|ShAr|ShFa|ShMl|ShMr|ShOv|ShPa|ShBe|ShLe","16",53.5,15.19347357,2.146382862,7.772571172,3.055,"Sabah",86
102,"DiCo|DrLa|HoSa|HoFe|PaMa|PaTo|ShJo|ShGi|ShAr|ShFa|ShMl|ShMr|ShOv|ShPa|ShBe|ShLe","16",36,15.83563885,2.07429247,7.504972549,-0.15,"Sabah",87
102,"DiCo|DrLa|HoSa|HoFe|PaMa|PaTo|ShJo|ShGi|ShAr|ShFa|ShMl|ShMr|ShOv|ShPa|ShBe|ShLe","16",45,17.81232616,2.184968984,9.063131316,-0.04,"Sabah",88
102,"DiCo|DrLa|HoSa|HoFe|PaMa|PaTo|ShJo|ShGi|ShAr|ShFa|ShMl|ShMr|ShOv|ShPa|ShBe|ShLe","16",41.75,11.07077244,2.358371778,7.564854043,-0.2625,"Sabah",89
102,"DiCo|DrLa|HoSa|HoFe|PaMa|PaTo|ShJo|ShGi|ShAr|ShFa|ShMl|ShMr|ShOv|ShPa|ShBe|ShLe","16",43,12.05665016,2.444667498,7.989397593,0,"Sabah",90
102,"DiCo|DrLa|HoSa|HoFe|PaMa|PaTo|ShJo|ShGi|ShAr|ShFa|ShMl|ShMr|ShOv|ShPa|ShBe|ShLe","16",45.5,14.82613056,2.216129182,7.945553388,7.44,"Sabah",91
102,"DiCo|DrLa|HoSa|HoFe|PaMa|PaTo|ShJo|ShGi|ShAr|ShFa|ShMl|ShMr|ShOv|ShPa|ShBe|ShLe","16",45,13.47629542,2.29713348,7.899296177,0.2,"Sabah",92
102,"DiCo|DrLa|HoSa|HoFe|PaMa|PaTo|ShJo|ShGi|ShAr|ShFa|ShMl|ShMr|ShOv|ShPa|ShBe|ShLe","16",39.5,8.169705183,2.491342112,6.797102594,-0.44,"Sabah",93
102,"DiCo|DrLa|HoSa|HoFe|PaMa|PaTo|ShJo|ShGi|ShAr|ShFa|ShMl|ShMr|ShOv|ShPa|ShBe|ShLe","16",48,7.203317692,2.69604275,7.087416931,-0.3,"Sabah",94
102,"DiCo|DrLa|HoSa|HoFe|PaMa|PaTo|ShJo|ShGi|ShAr|ShFa|ShMl|ShMr|ShOv|ShPa|ShBe|ShLe","16",46,11.68905564,2.491282138,9.433359445,-0.22,"Sabah",95
102,"DiCo|DrLa|HoSa|HoFe|PaMa|PaTo|ShJo|ShGi|ShAr|ShFa|ShMl|ShMr|ShOv|ShPa|ShBe|ShLe","16",40,12.06865466,2.183311166,6.992062882,0.12,"Sabah",96
103,"CePa","1",6,2.966443124,1.733020172,1.818303479,80.41804737,"MataDiv",429
103,"CePa","1",4,2.79601895,1.516919036,1.534846422,88.3129185,"MataDiv",430
103,"CePa","1",4,3.088019868,2.197810372,2.429988699,54.68603336,"MataDiv",431
104,"GuUl","1",2,1.677702543,2.178841772,1.496258183,100,"MataDiv",442
104,"GuUl","1",3,2.152488699,0.650174801,0.718893043,99.9921405,"MataDiv",443
104,"GuUl","1",2,1.722441996,2.358160934,1.594352028,100,"MataDiv",444
105,"HyCo","1",3,2.119475318,4.422518186,3.054968443,98.79749599,"MataDiv",445
105,"HyCo","1",2,1.657534247,0.358218689,0.59524703,100,"MataDiv",446
105,"HyCo","1",2,1.625358816,3.921510361,1.94203599,99.98035124,"MataDiv",447
106,"CaEs","1",2,1.680344875,3.935582959,2.036147081,99.99607025,"MataDiv",448
106,"CaEs","1",2,1.663540114,1.43928784,1.203618688,100,"MataDiv",449
107,"HaIm","1",4,2.556344955,2.614506704,2.464637482,84.53642713,"MataDiv",450
107,"HaIm","1",3,1.408235838,1.171762428,1.055762866,97.83077707,"MataDiv",451
107,"HaIm","1",3,1.696844004,0.040330643,0.183105597,98.75819847,"MataDiv",452
107,"HaIm","1",4,2.201889014,1.941859042,1.688475402,80.74814651,"MataDiv",453
107,"HaIm","1",3,2.287300829,2.507848192,2.139788486,100,"BrazilDry",739
107,"HaIm","1",5,3.935895671,2.997652174,4.500453913,16.52,"BrazilDry",767
107,"HaIm","1",3,2.55233995,3.670148944,3.381540423,41.81,"BrazilDry",796
108,"SyRo","1",3,2.305146032,2.865557393,2.408992562,62.68307803,"MataDiv",454
108,"SyRo","1",3,1.557926371,2.320817437,1.452476142,95.50043432,"MataDiv",455
108,"SyRo","1",3,2.266785092,2.684048331,2.243396084,100,"MataDiv",456
108,"SyRo","1",3,2.340495802,1.512134561,1.421402343,100,"MataDiv",457
109,"CaEs|CePa|HaIm","3",7,5.137404798,1.791574666,2.596755751,73.08513073,"MataDiv",458
109,"CaEs|CePa|HaIm","3",7,2.952980169,1.28722586,1.314424974,87.33048058,"MataDiv",459
109,"CaEs|CePa|HaIm","3",7,2.792949706,1.363110664,1.374601069,80.69705974,"MataDiv",460
109,"CaEs|CePa|HaIm","3",5,3.127834576,1.929749848,2.116257427,89.60187705,"MataDiv",461
109,"CaEs|CePa|HaIm","3",4,3.402500211,2.014930785,2.358140798,69.39509391,"MataDiv",462
110,"CaEs|CePa|GuUl","3",7,4.417566801,2.690649926,4.351020633,64.54971008,"MataDiv",463
110,"CaEs|CePa|GuUl","3",7,4.173317451,1.820785763,2.354153357,72.11841182,"MataDiv",464
110,"CaEs|CePa|GuUl","3",7,3.462950544,1.743836302,1.995167287,82.08426209,"MataDiv",465
110,"CaEs|CePa|GuUl","3",4,2.440813961,0.758626119,0.781528841,87.03181945,"MataDiv",466
110,"CaEs|CePa|GuUl","3",5,3.190295238,1.818158894,2.00079405,73.39558112,"MataDiv",467
111,"GuUl|SyRo|HaIm","3",4,2.707790297,2.37384463,2.365921791,100,"MataDiv",468
111,"GuUl|SyRo|HaIm","3",3,2.468158722,2.447533775,2.244944724,100,"MataDiv",469
111,"GuUl|SyRo|HaIm","3",3,2.41034542,2.548928529,2.277725078,98.89573978,"MataDiv",470
111,"GuUl|SyRo|HaIm","3",4,2.520040175,1.839971648,1.756945406,99.9921405,"MataDiv",471
112,"CePa|HyCo|SyRo","3",3,2.386520215,2.193474802,1.980293543,100,"MataDiv",432
112,"CePa|HyCo|SyRo","3",3,2.283439679,3.15471241,2.582156568,100,"MataDiv",433
112,"CePa|HyCo|SyRo","3",2,2.281328832,4.252685104,3.299856728,97.37099613,"MataDiv",434
113,"CaEs|CePa|GuUl|HyCo|SyRo|HaIm","6",5,3.586652101,2.201880892,2.740456126,74.87316775,"MataDiv",435
113,"CaEs|CePa|GuUl|HyCo|SyRo|HaIm","6",6,3.877784559,2.016219012,2.586598309,29.83035398,"MataDiv",436
113,"CaEs|CePa|GuUl|HyCo|SyRo|HaIm","6",5,3.607553501,2.542616085,3.311214752,95.14282692,"MataDiv",437
113,"CaEs|CePa|GuUl|HyCo|SyRo|HaIm","6",4,3.553789332,1.619188359,1.842434653,99.98428099,"MataDiv",438
114,"CaEs|CePa|GuUl|HyCo|SyRo|HaIm","20",6,3.445472731,2.238254737,2.709314693,77.39999808,"MataDiv",439
114,"CaEs|CePa|GuUl|HyCo|SyRo|HaIm","20",5,3.323084267,1.63150676,1.800099738,97.85828533,"MataDiv",440
114,"CaEs|CePa|GuUl|HyCo|SyRo|HaIm","20",6,3.184719776,1.892355684,2.093486281,97.81898782,"MataDiv",441
115,"TaRo|SwMa|CePe|EnCy","4",18,12.49290789,1.939677397,5.327990086,2.325,"UADY",474
115,"TaRo|SwMa|CePe|EnCy","4",17,10.24770033,1.891242557,4.433530239,2.875,"UADY",475
115,"TaRo|SwMa|CePe|EnCy","4",17.5,12.84679796,1.951566853,5.62599182,2.01,"UADY",476
116,"SwMa","1",14.5,9.298469122,1.822402994,3.85645776,4.71,"UADY",477
116,"SwMa","1",14,9.894012252,1.838402897,4.046815813,4.9,"UADY",478
116,"SwMa","1",15,10.28970661,1.840640342,4.162692322,2.425,"UADY",518
116,"SwMa","1",13.5,7.864794821,1.752157093,3.179359748,9.185,"UADY",519
116,"SwMa","1",14,10.46732093,1.810492658,4.046239212,7.675,"UADY",520
116,"SwMa","1",13.5,10.06827652,1.862945919,4.213680768,4.895,"UADY",521
116,"SwMa","1",12.33333333,8.145550047,1.887466456,3.789525289,7.016666667,"UADY",522
116,"SwMa","1",13.5,7.879353333,1.830005196,3.484562295,11.205,"UADY",523
116,"SwMa","1",15.5,9.094628724,1.897694225,4.143964648,3.945,"UADY",524
116,"SwMa","1",16,9.956548484,1.78955823,3.824779457,2.665,"UADY",525
116,"SwMa","1",14.5,9.040957498,1.805945552,3.683266543,2.54,"UADY",526
116,"SwMa","1",14,7.932429559,1.820052962,3.456036383,5.64,"UADY",527
117,"PiPi","1",14.5,11.49754854,1.554666952,2.9394966,36.065,"UADY",479
117,"PiPi","1",15,11.18357504,1.51755908,2.738033421,33.095,"UADY",480
118,"SwMa|CePe|PiPi|EnCy","4",16,12.87039036,1.807634317,4.538208407,2.905,"UADY",481
118,"SwMa|CePe|PiPi|EnCy","4",16,13.20300122,1.902280339,5.273951639,4.69,"UADY",482
119,"TaRo|SwMa|CoDo|EnCy","4",13.5,9.980299979,2.155518536,5.862357817,1.55,"UADY",483
119,"TaRo|SwMa|CoDo|EnCy","4",16,10.08420226,2.144431866,5.801365651,4.355,"UADY",484
119,"TaRo|SwMa|CoDo|EnCy","4",20.5,11.82962951,2.096055891,6.22274989,5.23,"UADY",485
120,"TaRo|SwMa|CoDo|PiPi","4",14.5,11.03247033,2.035310678,5.513368194,17.275,"UADY",486
120,"TaRo|SwMa|CoDo|PiPi","4",15,11.17118026,1.978108198,5.196025057,13.565,"UADY",487
120,"TaRo|SwMa|CoDo|PiPi","4",13.5,10.89026667,1.983802298,5.152925667,11.725,"UADY",488
121,"TaRo|CoDo|PiPi|EnCy","4",15.5,11.96802332,1.879595778,4.831980688,6.06,"UADY",489
121,"TaRo|CoDo|PiPi|EnCy","4",13.6,8.611398349,1.749066789,3.33544812,10.414,"UADY",490
123,"TaRo|SwMa|CePe|PiPi","4",14,9.492308641,1.758625606,3.609880381,16.27,"UADY",491
123,"TaRo|SwMa|CePe|PiPi","4",14.5,10.79170714,1.849858359,4.331358708,8.455,"UADY",492
124,"EnCy","1",19.5,10.35161178,1.787971497,3.901545585,11.415,"UADY",493
124,"EnCy","1",16,10.58791367,1.680741257,3.517742644,15.465,"UADY",494
125,"CePe","1",12,5.084550302,1.675200482,2.33551286,6.985,"UADY",495
125,"CePe","1",10,4.758517481,1.678835453,2.242191861,13.71,"UADY",496
126,"SwMa|CoDo|PiPi|EnCy","4",15,11.66853178,1.792295796,4.189432316,13.18,"UADY",497
126,"SwMa|CoDo|PiPi|EnCy","4",14,11.49073036,1.995617845,5.420378365,3.72,"UADY",498
126,"SwMa|CoDo|PiPi|EnCy","4",18,11.57159146,2.122094592,6.324236892,5.16,"UADY",499
127,"CePe|CoDo|PiPi|EnCy","4",15,10.50678221,1.883561713,4.437743728,7.91,"UADY",500
128,"TaRo|SwMa|CePe|CoDo","4",13,8.979853269,1.853238192,3.873509861,8.16,"UADY",501
128,"TaRo|SwMa|CePe|CoDo","4",13,9.419558204,1.972775002,4.61080098,15.43,"UADY",502
129,"SwMa|CePe|CoDo|EnCy","4",12,9.064221742,1.992623061,4.550451574,4.59,"UADY",503
129,"SwMa|CePe|CoDo|EnCy","4",12,8.20451701,1.932926874,4.001170258,11.34,"UADY",504
129,"SwMa|CePe|CoDo|EnCy","4",12.5,9.216192129,1.953617525,4.431945667,7.995,"UADY",505
129,"SwMa|CePe|CoDo|EnCy","4",13,9.09995908,1.865092672,3.960769641,7.93,"UADY",506
130,"TaRo|SwMa|PiPi|EnCy","4",14,10.9119262,2.004667955,5.252316461,2.835,"UADY",507
130,"TaRo|SwMa|PiPi|EnCy","4",15,12.19875646,1.98753564,5.574194193,7.845,"UADY",508
130,"TaRo|SwMa|PiPi|EnCy","4",17.5,11.24136158,2.228949155,6.95195214,2.95,"UADY",509
130,"TaRo|SwMa|PiPi|EnCy","4",16,10.95444478,1.983112986,5.133510591,2.46,"UADY",510
131,"SwMa|CePe|CoDo|PiPi","4",14.5,11.85651679,1.876621391,4.755037537,7.695,"UADY",511
131,"SwMa|CePe|CoDo|PiPi","4",14.5,9.315476581,1.879104889,4.112777917,8.295,"UADY",512
132,"TaRo|CePe|CoDo|PiPi","4",15.5,10.60288909,1.781871308,3.910500228,14.36,"UADY",513
133,"TaRo|CePe|PiPi|EnCy","4",17,13.73964125,2.000007999,6.143376236,2.905,"UADY",514
134,"TaRo|CePe|CoDo|EnCy","4",17,13.36913342,2.012229675,6.163777419,1.77,"UADY",515
135,"CoDo","1",10,5.842515233,2.295091513,4.331226513,44.615,"UADY",516
135,"CoDo","1",15.5,9.370038804,2.204682822,5.948567224,17.5,"UADY",517
136,"PaSp","1",NA,7.117150424,2.639281528,6.716899509,2.47876355,"EBee",119
136,"PaSp","1",NA,10.89212115,2.099507968,5.877998112,8.277987705,"EBee",143
136,"PaSp","1",NA,10.86373487,1.684765671,3.47051694,67.49483104,"EBee",159
136,"PaSp","1",NA,14.07216024,1.642211978,3.712253161,17.91539247,"EBee",169
137,"ArJi","1",NA,9.164946765,1.70495151,3.260855906,3.048920218,"EBee",123
137,"ArJi","1",NA,10.55957208,1.71907222,3.585881663,2.984876269,"EBee",133
137,"ArJi","1",NA,9.030604564,2.465397449,7.284403171,16.10000752,"EBee",138
137,"ArJi","1",NA,12.19417851,1.897197308,4.960756003,2.731756248,"EBee",146
138,"DuZi","1",NA,13.08176718,1.739130719,4.149033038,31.7973959,"EBee",130
138,"DuZi","1",NA,11.84054864,2.229823715,7.257065641,21.61580856,"EBee",132
138,"DuZi","1",NA,9.050735626,3.0953831,12.04947953,2.01059337,"EBee",149
138,"DuZi","1",NA,12.59861428,2.057591903,6.221897459,36.6805242,"EBee",161
139,"DyPo","1",NA,13.35603104,1.826420706,4.764978785,33.47030534,"EBee",129
139,"DyPo","1",NA,8.163616391,2.166428158,5.069416926,2.559486937,"EBee",156
139,"DyPo","1",NA,9.660921137,1.682181015,3.253115239,7.723364559,"EBee",160
139,"DyPo","1",NA,11.10785401,1.846768989,4.379543844,5.42096549,"EBee",170
140,"PeCa","1",NA,11.48123928,2.053269788,5.788839023,3.873979443,"EBee",124
140,"PeCa","1",NA,10.33804912,1.894893143,4.450318086,2.576548347,"EBee",131
140,"PeCa","1",NA,12.34741478,2.070152011,6.226654705,2.56343398,"EBee",148
140,"PeCa","1",NA,8.383104651,2.088069454,4.784621115,5.143653917,"EBee",163
141,"ShLe","1",NA,9.773465754,2.399040209,7.351239661,24.57532655,"EBee",122
141,"ShLe","1",NA,11.26811151,1.671938204,3.472435489,5.278235337,"EBee",126
141,"ShLe","1",NA,9.694388605,2.321709562,6.775633351,5.645182974,"EBee",135
141,"ShLe","1",NA,11.70643866,1.680196479,3.584405199,53.55502254,"EBee",167
142,"ArJi|PaSp","2",NA,9.320271396,1.771066655,3.581854246,4.446045971,"EBee",164
143,"DuZi|PaSp","2",NA,9.931116207,1.872072688,4.218556341,2.885181613,"EBee",157
144,"PaSp|PeCa","2",NA,9.913942989,1.873637687,4.222066039,2.699670611,"EBee",145
145,"DuZi|DyPo","2",NA,10.81623014,2.166930889,6.304681346,9.522197388,"EBee",121
146,"DyPo|PeCa","2",NA,10.23791962,1.903416115,4.469130128,3.760661124,"EBee",136
147,"ShLe|ArJi","2",NA,12.43379516,1.813697279,4.48426662,5.087504053,"EBee",140
148,"DuZi|PeCa","2",NA,10.09468341,1.723616267,3.520892236,2.991369791,"EBee",142
149,"ShLe|DyPo","2",NA,13.2385349,1.867802539,5.022080365,11.25520373,"EBee",144
150,"ShLe|DuZi","2",NA,9.923954415,2.177467239,5.964617382,3.982968748,"EBee",150
151,"ArJi|DyPo","2",NA,9.946654414,1.875614863,4.241070885,4.801916423,"EBee",152
152,"","2",NA,12.82462586,2.10430258,6.673714713,23.94443636,"EBee",165
153,"ShLe|DuZi|PaSp","3",NA,9.546143556,2.213792601,6.007258076,2.314261001,"EBee",120
154,"ShLe|PaSp|PeCa","3",NA,8.390364284,1.929943948,4.049277463,5.538740148,"EBee",125
155,"ArJi|DyPo|PaSp","3",NA,10.63019282,1.752656259,3.767260022,6.835534624,"EBee",127
156,"DuZi|DyPo|PaSp","3",NA,9.282888127,1.907709159,4.217252001,8.897291419,"EBee",134
157,"ArJi|DuZi|DyPo","3",NA,10.63656887,1.712361286,3.566885171,4.12824538,"EBee",147
158,"ArJi|DyPo|PeCa","3",NA,13.28112093,1.692594884,3.900467276,3.087117405,"EBee",151
159,"ShLe|PaSp","2",NA,11.03705341,1.694418244,3.547624265,12.82523541,"EBee",154
159,"ShLe|PaSp","3",NA,6.138613177,2.95250768,7.131947097,1.965775338,"EBee",162
160,"ShLe|ArJi|PeCa","6",NA,11.00090115,2.026160936,5.437472937,3.08215177,"EBee",137
160,"ShLe|ArJi|PeCa","6",NA,11.59858827,1.882989622,4.716504113,15.17410773,"EBee",139
160,"ShLe|ArJi|PeCa","6",NA,11.26495796,1.736069524,3.803285449,2.275936491,"EBee",141
160,"ShLe|ArJi|PeCa","3",NA,9.775493543,2.042954204,5.097438707,24.72455023,"EBee",166
160,"ShLe|ArJi|PeCa","6",NA,9.024284193,2.339929213,6.489573364,2.079093657,"EBee",168
163,"CpLe","1",3,2.306276989,4.142046064,3.279186399,60.57,"BrazilDry",718
163,"CpLe","1",5,3.124393321,2.978986352,3.467990296,65.25,"BrazilDry",759
163,"CpLe","1",3,2.414769565,2.685783956,2.389300192,99.99,"BrazilDry",809
164,"BaCh","1",2,1.668884025,6.292956308,2.565296454,100,"BrazilDry",719
164,"BaCh","1",2,1.989800113,50.95385205,14.94844973,84.34,"BrazilDry",807
164,"BaCh","1",2,1.806453297,14.56378823,4.87438946,99.95,"BrazilDry",831
165,"AmCe","1",4,2.495040777,4.122283267,3.651099257,76.97,"BrazilDry",726
165,"AmCe","1",3,2.31594361,4.805837262,3.737329518,23.6,"BrazilDry",774
166,"CoVi","1",4,3.374930933,3.388556948,4.412621375,26.3,"BrazilDry",727
166,"CoVi","1",5,3.500524606,3.616109707,5.005276438,20.83,"BrazilDry",776
166,"CoVi","1",3,2.469757374,4.930278727,4.230959788,100,"BrazilDry",808
167,"AnCo","1",4,2.954950606,2.661581166,2.888226184,33.4,"BrazilDry",733
167,"AnCo","1",4,2.36322882,3.775778134,3.135033571,25.32,"BrazilDry",736
167,"AnCo","1",5,3.922506003,2.938659849,4.363490791,24.17,"BrazilDry",762
168,"CyHa","1",5,3.193657866,4.069186923,5.101995993,24.63,"BrazilDry",737
168,"CyHa","1",4,3.186700305,2.306550432,2.634322742,99.99,"BrazilDry",810
170,"MiTe","1",4,3.765960329,3.099495742,4.481809031,2.66,"BrazilDry",742
170,"MiTe","1",5,3.94833959,2.977728114,4.474907073,4.75,"BrazilDry",805
170,"MiTe","1",4,2.895533993,3.282144881,3.538043753,6.68,"BrazilDry",834
171,"PoGa","1",4,3.364697022,3.402236396,4.417840337,16.14,"BrazilDry",745
171,"PoGa","1",3,2.609112745,2.580045415,2.481731743,99.71,"BrazilDry",824
172,"AsPy","1",6,4.509378996,2.341053716,3.600745602,47.47,"BrazilDry",746
172,"AsPy","1",3,2.428965813,3.840308198,3.300690316,99.99,"BrazilDry",811
172,"AsPy","1",3,2.377946116,5.155853833,4.140199138,3.48,"BrazilDry",841
173,"ZiJo","1",4,2.818979621,5.01210847,5.314760439,13.88,"BrazilDry",753
173,"ZiJo","1",5,4.447933845,3.679616488,6.989179399,99.99,"BrazilDry",773
174,"PsMa","1",4,3.342881021,4.02854482,5.374187659,2.42,"BrazilDry",756
174,"PsMa","1",4,2.868721494,3.850281214,4.140290889,9.42,"BrazilDry",798
175,"PiSt","1",4,2.562113495,4.362802077,3.9986389,28.6,"BrazilDry",771
175,"PiSt","1",5,3.53066342,4.196667769,6.106400554,0.63,"BrazilDry",777
175,"PiSt","1",4,3.415060979,2.923459486,3.734329423,19.69,"BrazilDry",803
176,"CbLe","1",4,2.180195768,4.513926739,3.237198925,75.99,"BrazilDry",780
176,"CbLe","1",3,2.325778279,6.925394575,5.121311257,33.51,"BrazilDry",793
177,"LiFe","1",3,2.571128317,6.152446306,5.560748404,15.25,"BrazilDry",791
177,"LiFe","1",2,2.129777789,4.852494437,3.300666779,69.62,"BrazilDry",825
178,"SeMa","1",5,2.689545688,4.107168991,4.045964055,79.67,"BrazilDry",804
178,"SeMa","1",2,1.868410547,3.027160018,1.99843252,100,"BrazilDry",838
178,"SeMa","1",3,2.204225938,12.03790596,7.145653704,49.9,"BrazilDry",845
179,"CoVi|ZiJo","2",5,3.444054435,2.930963669,3.780316578,9.92,"BrazilDry",723
179,"CoVi|ZiJo","2",6,4.08519836,2.986449773,4.66357892,7,"BrazilDry",740
179,"CoVi|ZiJo","2",2,1.700593205,3.050475336,1.807956915,86.32,"BrazilDry",806
180,"AnCo|MiTe","2",8,4.016278911,2.501659706,3.578318106,21.54,"BrazilDry",724
180,"AnCo|MiTe","2",6,4.053496523,3.125829961,4.928826474,6.84,"BrazilDry",784
180,"AnCo|MiTe","2",4,4.231779998,3.480450119,6.044711078,9.85,"BrazilDry",787
181,"LiFe|PoGa","2",7,2.900780842,3.567993625,3.875435934,47.34,"BrazilDry",728
181,"LiFe|PoGa","2",2,1.974256721,2.290727556,1.757320795,92.83,"BrazilDry",801
181,"LiFe|PoGa","2",3,2.057786829,4.701124706,3.055495656,100,"BrazilDry",835
182,"PiSt|ZiJo","2",8,3.788917157,3.587665435,5.483451833,6.13,"BrazilDry",729
182,"PiSt|ZiJo","2",5,3.526550047,3.207175443,4.343867993,16.82,"BrazilDry",770
182,"PiSt|ZiJo","2",4,3.247205977,3.561374912,4.463674557,17.5,"BrazilDry",821
183,"CoVi|CbLe","2",4,2.749896855,4.29576932,4.368788899,38.37,"BrazilDry",734
183,"CoVi|CbLe","2",4,3.728856455,4.252164661,6.719156056,1.52,"BrazilDry",758
183,"CoVi|CbLe","2",4,1.973269504,10.85514036,5.057232647,5.3,"BrazilDry",815
184,"SeMa|AnCo","2",4,3.643844471,3.005012856,4.148337558,17.75,"BrazilDry",748
184,"SeMa|AnCo","2",2,1.722909642,59.69550233,9.249920752,94.53,"BrazilDry",848
185,"HaIm|PoGa","2",4,3.780423853,3.311143896,4.914570913,10.62,"BrazilDry",749
185,"HaIm|PoGa","2",3,2.136928027,6.38032538,4.084820071,55.85,"BrazilDry",836
186,"AsPy|LiFe","2",4,2.245708268,2.216077693,1.903642944,95.96,"BrazilDry",751
186,"AsPy|LiFe","2",3,2.497983743,4.20437472,3.723819373,40.17,"BrazilDry",814
186,"AsPy|LiFe","2",4,2.688008138,4.518900045,4.443208195,13.63,"BrazilDry",837
187,"SeMa|PsMa","2",5,3.956933,3.474416223,5.545827206,2.23,"BrazilDry",752
187,"SeMa|PsMa","2",3,3.238165168,0.115023897,0.078780647,100,"BrazilDry",757
188,"HaIm|CbLe","2",4,2.291612406,3.878656512,3.077282219,83.06,"BrazilDry",760
188,"HaIm|CbLe","2",5,4.619154099,3.362217603,6.395123432,47.78,"BrazilDry",817
188,"HaIm|CbLe","2",3,2.113038406,5.882713225,3.764798819,35.75,"BrazilDry",826
189,"CpLe|BaCh","2",4,3.045260966,4.120508161,4.839505046,10.22,"BrazilDry",766
189,"CpLe|BaCh","2",2,2.003766425,3.774437828,2.517264451,99.99,"BrazilDry",795
189,"CpLe|BaCh","2",3,2.384711545,4.091597568,3.402379657,14.44,"BrazilDry",818
190,"AsPy|MiTe","2",6,4.155193661,2.769281347,4.266674856,11.74,"BrazilDry",768
190,"AsPy|MiTe","2",5,3.74660675,2.822820733,3.938086844,15.86,"BrazilDry",794
190,"AsPy|MiTe","2",4,3.070206616,3.671695681,4.301662108,7.73,"BrazilDry",828
191,"BaCh|PsMa","2",3,2.942245797,0.018086685,0.013164021,100,"BrazilDry",839
192,"CyHa|PiSt","2",4,3.320388743,3.506170844,4.506551027,27.47,"BrazilDry",775
192,"CyHa|PiSt","2",5,3.201135466,3.0013029,3.592134985,25.02,"BrazilDry",783
192,"CyHa|PiSt","2",3,2.414927338,3.346005994,2.900407693,68.13,"BrazilDry",812
193,"CyHa|AmCe","2",2,2.420567511,1.621556811,1.533135223,85.07,"BrazilDry",830
194,"CpLe|AmCe","2",4,2.744477372,3.121243028,3.155502402,99.36,"BrazilDry",797
195,"CoVi|SeMa|AnCo|ZiJo","4",4,2.704610729,2.062289832,2.054777245,90.72,"BrazilDry",720
195,"CoVi|SeMa|AnCo|ZiJo","4",8,3.13452687,2.274276292,2.556734431,70.21,"BrazilDry",747
195,"CoVi|SeMa|AnCo|ZiJo","1",4,2.102170416,0.786343621,0.83645597,99.85,"BrazilDry",847
196,"HaIm|BaCh|PiSt|ZiJo","4",5,4.369621184,2.088542336,2.962547454,96.48,"BrazilDry",731
196,"HaIm|BaCh|PiSt|ZiJo","4",4,3.321249613,4.240416634,5.663752219,9.1,"BrazilDry",779
196,"HaIm|BaCh|PiSt|ZiJo","4",4,3.125558019,2.726053705,3.135744002,83.02,"BrazilDry",823
197,"AsPy|CyHa|AnCo|PoGa","4",5,3.911320269,2.866869364,4.205786244,10,"BrazilDry",743
197,"AsPy|CyHa|AnCo|PoGa","4",3,2.469438278,3.441951249,3.056796121,84.97,"BrazilDry",778
197,"AsPy|CyHa|AnCo|PoGa","4",2,2.105008196,8.489196694,4.913301227,100,"BrazilDry",792
198,"HaIm|AsPy|CbLe|MiTe","4",5,3.928739883,2.599068585,3.694901666,8.19,"BrazilDry",755
198,"HaIm|AsPy|CbLe|MiTe","4",4,3.294582698,3.488055948,4.435178694,19.69,"BrazilDry",786
198,"HaIm|AsPy|CbLe|MiTe","4",5,4.217523294,3.36877198,5.74331319,5.96,"BrazilDry",789
199,"CoVi|CbLe|MiTe|PsMa","4",5,4.165461399,2.794682696,4.333504905,8.91,"BrazilDry",763
199,"CoVi|CbLe|MiTe|PsMa","4",5,3.578035134,3.36882258,4.703665329,5.27,"BrazilDry",785
199,"CoVi|CbLe|MiTe|PsMa","4",3,2.307064619,4.718035093,3.658037538,97.11,"BrazilDry",832
200,"CpLe|CyHa|AmCe|PiSt","4",4,2.730083135,3.364544503,3.382275298,13.25,"BrazilDry",769
200,"CpLe|CyHa|AmCe|PiSt","4",4,2.762252382,4.809485814,4.932236519,86.66,"BrazilDry",829
201,"CpLe|SeMa|AmCe|LiFe","4",3,1.838569602,69.04800243,13.18319692,39.69,"BrazilDry",790
201,"CpLe|SeMa|AmCe|LiFe","4",2,1.835917905,27.06419549,7.417266587,100,"BrazilDry",799
201,"CpLe|SeMa|AmCe|LiFe","4",2,2.151709761,1.56646802,1.410461099,98.94,"BrazilDry",843
202,"BaCh|LiFe|PsMa|PoGa","4",2,1.989599926,13.4443319,5.975304277,100,"BrazilDry",802
202,"BaCh|LiFe|PsMa|PoGa","4",2,1.851298902,3.231929046,2.059544434,100,"BrazilDry",820
202,"BaCh|LiFe|PsMa|PoGa","4",4,2.81257417,5.020775633,5.304777785,49.41,"BrazilDry",840
203,"HaIm|AsPy|CpLe|CyHa|CbLe|AmCe|MiTe|PiSt","8",5,3.437546624,2.826641204,3.607531241,67.81,"BrazilDry",722
203,"HaIm|AsPy|CpLe|CyHa|CbLe|AmCe|MiTe|PiSt","8",4,3.675500693,3.255374143,4.64779702,28.53,"BrazilDry",732
203,"HaIm|AsPy|CpLe|CyHa|CbLe|AmCe|MiTe|PiSt","8",4,3.605300823,3.741680663,5.431299459,2.89,"BrazilDry",788
204,"HaIm|AsPy|CbLe|SeMa|AnCo|BaCh|MiTe|ZiJo","8",4,3.110482416,6.787317601,8.786029318,39.89,"BrazilDry",738
204,"HaIm|AsPy|CbLe|SeMa|AnCo|BaCh|MiTe|ZiJo","8",3,2.282782714,7.162363669,5.078780129,100,"BrazilDry",833
205,"CoVi|CpLe|CyHa|AmCe|LiFe|PiSt|PsMa|PoGa","8",5,3.959078299,3.25666215,5.076694278,8.24,"BrazilDry",761
205,"CoVi|CpLe|CyHa|AmCe|LiFe|PiSt|PsMa|PoGa","8",4,3.214192076,3.511476024,4.334117748,3.61,"BrazilDry",772
206,"CoVi|SeMa|AnCo|BaCh|LiFe|PsMa|ZiJo|PoGa","8",4,2.911997019,5.89518304,6.660972484,67.32,"BrazilDry",764
206,"CoVi|SeMa|AnCo|BaCh|LiFe|PsMa|ZiJo|PoGa","8",4,2.88239829,2.956327335,3.15028102,59.64,"BrazilDry",822
207,"HaIm|AsPy|CoVi|CpLe|CyHa|CbLe|SeMa|AmCe|AnCo|BaCh|LiFe|MiTe|PiSt|PsMa|ZiJo|PoGa","16",4,3.37172631,2.558034253,3.131695511,68.06,"BrazilDry",721
207,"HaIm|AsPy|CoVi|CpLe|CyHa|CbLe|SeMa|AmCe|AnCo|BaCh|LiFe|MiTe|PiSt|PsMa|ZiJo|PoGa","16",4,3.376329952,2.318117517,2.781588675,64.89,"BrazilDry",730
207,"HaIm|AsPy|CoVi|CpLe|CyHa|CbLe|SeMa|AmCe|AnCo|BaCh|LiFe|MiTe|PiSt|PsMa|ZiJo|PoGa","16",5,3.64806722,3.279715949,4.65151002,4.88,"BrazilDry",735
207,"HaIm|AsPy|CoVi|CpLe|CyHa|CbLe|SeMa|AmCe|AnCo|BaCh|LiFe|MiTe|PiSt|PsMa|ZiJo|PoGa","16",5,2.724409486,3.769342037,3.78062086,5.97,"BrazilDry",741
207,"HaIm|AsPy|CoVi|CpLe|CyHa|CbLe|SeMa|AmCe|AnCo|BaCh|LiFe|MiTe|PiSt|PsMa|ZiJo|PoGa","16",3,2.272800952,1.918041836,1.706986745,100,"BrazilDry",744
207,"HaIm|AsPy|CoVi|CpLe|CyHa|CbLe|SeMa|AmCe|AnCo|BaCh|LiFe|MiTe|PiSt|PsMa|ZiJo|PoGa","16",4,2.949461312,4.749889946,5.394065084,7.41,"BrazilDry",754
207,"HaIm|AsPy|CoVi|CpLe|CyHa|CbLe|SeMa|AmCe|AnCo|BaCh|LiFe|MiTe|PiSt|PsMa|ZiJo|PoGa","16",4,3.018013352,3.001357714,3.367011633,34.77,"BrazilDry",765
207,"HaIm|AsPy|CoVi|CpLe|CyHa|CbLe|SeMa|AmCe|AnCo|BaCh|LiFe|MiTe|PiSt|PsMa|ZiJo|PoGa","16",5,3.723709428,2.556736749,3.435524819,26.59,"BrazilDry",782
207,"HaIm|AsPy|CoVi|CpLe|CyHa|CbLe|SeMa|AmCe|AnCo|BaCh|LiFe|MiTe|PiSt|PsMa|ZiJo|PoGa","16",3,3.136217183,1.181811218,1.210385595,99.5,"BrazilDry",800
207,"HaIm|AsPy|CoVi|CpLe|CyHa|CbLe|SeMa|AmCe|AnCo|BaCh|LiFe|MiTe|PiSt|PsMa|ZiJo|PoGa","16",4,2.652724928,4.483748993,4.322480324,85.55,"BrazilDry",813
207,"HaIm|AsPy|CoVi|CpLe|CyHa|CbLe|SeMa|AmCe|AnCo|BaCh|LiFe|MiTe|PiSt|PsMa|ZiJo|PoGa","16",4,3.110662228,3.252571171,3.813232072,19.97,"BrazilDry",816
207,"HaIm|AsPy|CoVi|CpLe|CyHa|CbLe|SeMa|AmCe|AnCo|BaCh|LiFe|MiTe|PiSt|PsMa|ZiJo|PoGa","16",4,2.912753148,1.650333978,1.708463795,100,"BrazilDry",819
207,"HaIm|AsPy|CoVi|CpLe|CyHa|CbLe|SeMa|AmCe|AnCo|BaCh|LiFe|MiTe|PiSt|PsMa|ZiJo|PoGa","16",2,2.251784518,7.255694359,4.996120931,13.49,"BrazilDry",827
207,"HaIm|AsPy|CoVi|CpLe|CyHa|CbLe|SeMa|AmCe|AnCo|BaCh|LiFe|MiTe|PiSt|PsMa|ZiJo|PoGa","16",3,2.63650756,5.20179724,4.946279112,87.03,"BrazilDry",842
207,"HaIm|AsPy|CoVi|CpLe|CyHa|CbLe|SeMa|AmCe|AnCo|BaCh|LiFe|MiTe|PiSt|PsMa|ZiJo|PoGa","16",4,3.331306957,3.034832241,3.803503925,36.81,"BrazilDry",846
223,"LuSe","1",17.25,12.33980894,1.979036828,5.6072324415,0.855,"Sardinillia",109
223,"LuSe","1",17.5,13.11856074,1.9108710915,5.286250471,3.2975,"Sardinillia",110
224,"HuCr","1",17.5,7.2256887255,2.5231228775,6.039201987,27.97,"Sardinillia",111
224,"HuCr","1",14.75,7.8346443885,1.9412833015,3.917385884,66.3275,"Sardinillia",112
225,"CeOd","1",17.75,13.78095457,1.9883705995,6.162159303,10.8875,"Sardinillia",113
225,"CeOd","1",14.75,7.9387630435,2.295684825,5.609360562,3.025,"Sardinillia",114
226,"AnEx|CeOd|LuSe","3",18.5,14.07151646,1.943928295,5.813744785,1.195,"Sardinillia",115
227,"AnEx|LuSe|TaRo","3",23.25,14.505542385,2.0533345465,6.841706039,3.1175,"Sardinillia",116
228,"CoAl|CeOd|HuCr","3",17.75,12.779671995,2.009065257,5.8003938295,6.47,"Sardinillia",117
229,"CeOd|HuCr|LuSe","3",20,13.60992151,1.7451563245,4.3093300325,3.54,"Sardinillia",118
243,"CaCa","1",5,3.769460894,3.143848779,4.571911087,-0.48,"CADE",988
243,"CaCa","1",6.5,4.892117601,2.953707076,5.580042273,6.635,"CADE",1038
243,"CaCa","1",7,4.651536918,3.914235016,8.147332475,0.89,"CADE",1088
243,"CaCa","1",7,5.11445215,2.987241679,5.965881641,6.45,"CADE",1105
243,"CaCa","1",6,3.790008656,3.69845611,5.712319216,22.89,"CADE",1142
243,"CaCa","1",6,4.410883592,3.177159536,5.55985644,9.54,"CADE",1166
243,"CaCa","1",4,2.743107627,6.65077145,6.766329177,12.39,"CADE",1210
243,"CaCa","1",6,4.289381047,3.090798146,5.171453978,3.16,"CADE",1274
244,"CiCa","1",6,4.243707929,3.377906975,5.809344547,2.39,"CADE",993
244,"CiCa","1",7,5.22021626,2.850083008,5.645074733,-0.16,"CADE",1043
244,"CiCa","1",7,5.040000151,2.662186237,4.872852235,0.25,"CADE",1081
244,"CiCa","1",7,4.426275464,2.828258679,4.695275795,3.49,"CADE",1097
244,"CiCa","1",6,4.629436791,3.12649873,5.736469739,-0.44,"CADE",1154
244,"CiCa","1",6,4.38664691,3.163751608,5.490119494,-0.45,"CADE",1196
244,"CiCa","1",6,3.00109551,3.706115244,4.219189492,-0.79,"CADE",1236
244,"CiCa","1",7,4.488730902,2.811285848,4.721307596,-0.27,"CADE",1260
245,"PiMa","1",8,5.531932875,2.778028568,5.741537168,6.15,"CADE",1009
245,"PiMa","1",6,4.536137841,3.38084207,6.308495625,3.58,"CADE",1046
245,"PiMa","1",8,5.257449613,3.181469281,6.826280517,5.38,"CADE",1059
245,"PiMa","1",14,4.945185418,3.003047195,5.79885512,2.5,"CADE",1091
245,"PiMa","1",6,4.949208081,3.295238018,6.733158487,3.01,"CADE",1180
245,"PiMa","1",7,4.479767201,3.448985317,6.401863238,6.63,"CADE",1206
245,"PiMa","1",14,4.582875617,3.252329494,6.021814905,5.64,"CADE",1234
245,"PiMa","1",7,4.7347658,3.282169175,6.347392201,2.45,"CADE",1249
246,"ScSu","1",18,12.34550987,1.67756603,3.670165049,7.72,"BEF-China",875
246,"ScSu","1",28,15.48344736,1.746959793,4.611049883,19.03,"BEF-China",971
246,"ScSu","1",7,5.401429064,3.155166183,6.945165918,-0.29,"CADE",1052
246,"ScSu","1",6,3.849211712,3.810563516,6.068718275,1.84,"CADE",1079
246,"ScSu","1",6,4.337213124,3.852965356,7.235979448,0.03,"CADE",1099
246,"ScSu","1",6,4.314267608,3.423800943,6.04522859,-0.36,"CADE",1181
246,"ScSu","1",6,3.386596446,4.54362683,6.33747807,7.6,"CADE",1199
246,"ScSu","1",4,2.702019458,3.348112883,3.323923332,53.09,"CADE",1231
246,"ScSu","1",6,4.310607757,3.653476005,6.639849647,-0.51,"CADE",1255
247,"ErFo","1",5,3.316360672,6.469189597,9.377821716,-0.98,"CADE",983
247,"ErFo","1",6,3.769407744,5.000934948,8.46415391,2.07,"CADE",1037
247,"ErFo","1",6,4.713022339,3.919199886,8.310963663,0.92,"CADE",1071
247,"ErFo","1",7,5.32718994,3.026080008,6.374237322,0,"CADE",1121
247,"ErFo","1",6,3.951191818,4.879336465,8.827131051,-0.07,"CADE",1187
247,"ErFo","1",6,3.230401145,3.121359826,3.799012376,49.05,"CADE",1222
247,"ErFo","1",6,4.480903882,2.915979865,4.978463694,-0.06,"CADE",1256
248,"CaFi","1",8,5.130932884,2.5634958,4.661855991,1.46,"CADE",1006
248,"CaFi","1",6,3.424325111,4.528149903,6.417646574,14.69,"CADE",1133
248,"CaFi","1",6,3.669782363,2.309375925,2.96886969,74.95,"CADE",1143
248,"CaFi","1",6,3.671610455,4.541086116,7.156850096,13.48,"CADE",1192
248,"CaFi","1",5,2.870444143,3.567596738,3.823506936,66.21,"CADE",1211
248,"CaFi","1",7,4.611277928,4.308363297,9.322868653,12.33,"CADE",1243
249,"ElSy","1",6,4.000801904,3.724581989,6.191502429,0.89,"CADE",989
249,"ElSy","1",7,4.450216378,3.449543818,6.351155436,0.09,"CADE",1042
249,"ElSy","1",7,5.061256989,2.704604063,5.02002383,-0.38,"CADE",1074
249,"ElSy","1",7,5.247521318,3.033898925,6.295643818,2.13,"CADE",1089
249,"ElSy","1",6,3.140714622,4.914057722,6.184705827,1.31,"CADE",1145
249,"ElSy","1",6,4.526635373,2.829089922,4.808139665,-0.25,"CADE",1157
249,"ElSy","1",4,2.979608362,4.593145119,5.283071608,-0.1,"CADE",1220
249,"ElSy","1",7,4.89292476,3.010268695,5.753402555,0.55,"CADE",1239
250,"IlRo","1",7,3.891558766,3.081769201,4.615155888,-0.48,"CADE",1017
250,"IlRo","1",6,4.085222244,2.811420083,4.283584865,-0.15,"CADE",1030
250,"IlRo","1",7,4.428163713,2.737837233,4.475648582,0.67,"CADE",1102
250,"IlRo","1",6,4.879551429,2.615582944,4.59058805,-0.1,"CADE",1119
250,"IlRo","1",6,2.825867605,3.763968545,3.962688498,0.71,"CADE",1151
250,"IlRo","1",7,4.620398606,2.535017994,4.152267344,-0.34,"CADE",1168
250,"IlRo","1",6,3.071435785,3.410093281,3.961330388,0.8,"CADE",1232
250,"IlRo","1",6,4.403046088,2.516760708,3.927956054,0.31,"CADE",1258
251,"ErFo|PiMa","2",9,5.731784816,2.971356976,6.695636823,5.59,"CADE",990
251,"ErFo|PiMa","2",7,5.249012851,3.347346423,7.412670562,1.52,"CADE",1048
251,"ErFo|PiMa","2",7,4.725059705,2.865600672,5.128627539,3.43,"CADE",1066
251,"ErFo|PiMa","2",15,5.518037534,2.99031077,6.494325935,0.62,"CADE",1082
251,"ErFo|PiMa","2",6,4.745707927,3.366769832,6.622137002,2.67,"CADE",1167
251,"ErFo|PiMa","2",7,4.57334259,3.305020023,6.155615556,5.6,"CADE",1198
251,"ErFo|PiMa","2",7,4.738054463,3.107894029,5.835707606,2.88,"CADE",1248
251,"ErFo|PiMa","2",6,4.134679714,3.581512811,6.115718266,6.05,"CADE",1283
252,"ErFo|CaFi","2",7,4.00541247,4.543231523,8.169398885,0.12,"CADE",1000
252,"ErFo|CaFi","2",6,4.146754453,4.940348752,9.699502558,-0.06,"CADE",1033
252,"ErFo|CaFi","2",6,4.314092909,2.729274323,4.339620523,1.74,"CADE",1063
252,"ErFo|CaFi","2",7,4.52232071,3.585146211,6.866965969,1.39,"CADE",1131
252,"ErFo|CaFi","2",6,3.219564256,3.660363286,4.559302635,27.32,"CADE",1141
252,"ErFo|CaFi","2",6,4.039752214,3.690284301,6.190411098,26.73,"CADE",1158
252,"ErFo|CaFi","2",5,3.19177502,3.020508447,3.607197845,36.83,"CADE",1218
252,"ErFo|CaFi","2",6,4.886957623,3.773736321,8.224100529,70.49,"CADE",1244
253,"ErFo|CaCa","2",6,4.046001261,4.891144181,9.196213275,1.48,"CADE",1032
253,"ErFo|CaCa","2",15,5.638147078,2.912523472,6.35301299,2.04,"CADE",1085
253,"ErFo|CaCa","2",7,3.841739823,3.921626992,6.291602996,4.85,"CADE",1110
253,"ErFo|CaCa","2",7,4.537995001,3.423499759,6.432480322,2.49,"CADE",1165
253,"ErFo|CaCa","2",7,5.071324447,3.191224353,6.58000387,1.61,"CADE",1273
253,"ErFo|CaCa","2",6,3.707658699,4.937629711,8.105635701,6.43,"CADE",1280
254,"ErFo|ScSu","2",6,4.01357432,4.547904337,8.206324401,1.19,"CADE",994
254,"ErFo|ScSu","2",6,3.893290585,4.274445366,7.203213688,0.51,"CADE",1055
254,"ErFo|ScSu","2",7,5.168346352,3.738201725,8.722254744,0.29,"CADE",1113
254,"ErFo|ScSu","2",6,4.719113425,3.635077576,7.408064813,1.94,"CADE",1118
254,"ErFo|ScSu","2",6,3.407523381,3.963669222,5.410767749,-0.31,"CADE",1136
254,"ErFo|ScSu","2",6,4.134880164,3.269793253,5.374525469,0.62,"CADE",1161
254,"ErFo|ScSu","2",4,3.291369489,3.852185137,4.986032645,53.6,"CADE",1223
254,"ErFo|ScSu","2",6,4.172438298,3.434998004,5.828694659,-0.58,"CADE",1259
255,"ErFo|ElSy","2",6,4.826856022,3.273337441,6.466898982,-0.55,"CADE",1012
255,"ErFo|ElSy","2",7,3.471226102,5.666736247,8.66021851,-0.23,"CADE",1027
255,"ErFo|ElSy","2",7,4.464851393,2.96752003,5.091108658,2.07,"CADE",1061
255,"ErFo|ElSy","2",7,5.916768663,2.599608515,5.465367869,1.01,"CADE",1122
255,"ErFo|ElSy","2",6,4.642233253,2.767771222,4.772613897,0.79,"CADE",1176
255,"ErFo|ElSy","2",6,2.793182621,7.157375166,7.550703512,-0.37,"CADE",1208
255,"ErFo|ElSy","2",4,2.839062887,4.506697618,4.811541976,0.02,"CADE",1226
255,"ErFo|ElSy","2",6,4.468650456,2.985703558,5.142638027,-0.24,"CADE",1246
256,"ErFo|IlRo","2",7,4.482950907,3.455186425,6.424788189,1.23,"CADE",982
256,"ErFo|IlRo","2",7,4.659871362,2.775823509,4.812543479,1.18,"CADE",1034
256,"ErFo|IlRo","2",8,5.467417066,2.190063343,3.787650932,0.86,"CADE",1084
256,"ErFo|IlRo","2",7,5.443859973,2.46801264,4.621980077,0.81,"CADE",1104
256,"ErFo|IlRo","2",5,2.814424888,3.693453351,3.865052576,0.48,"CADE",1149
256,"ErFo|IlRo","2",7,4.646065601,2.461172783,3.988433811,-0.41,"CADE",1183
256,"ErFo|IlRo","2",6,3.256918636,3.085613372,3.782730679,2.33,"CADE",1213
256,"ErFo|IlRo","2",7,4.343224914,2.504327263,3.850565858,0.7,"CADE",1278
257,"ErFo|CiCa","2",6,4.386092919,3.096743182,5.318305701,0.36,"CADE",1005
257,"ErFo|CiCa","2",7,4.595405262,2.905254319,5.086068613,3.22,"CADE",1039
257,"ErFo|CiCa","2",15,4.619999933,3.707917645,7.430082775,1.12,"CADE",1060
257,"ErFo|CiCa","2",8,5.778248848,2.543194658,5.141343638,1.32,"CADE",1123
257,"ErFo|CiCa","2",6,4.176724132,3.091136237,5.019231655,-0.61,"CADE",1194
257,"ErFo|CiCa","2",5,2.996617616,3.141900081,3.512859382,-0.81,"CADE",1227
257,"ErFo|CiCa","2",7,4.689849164,2.812121797,4.942395872,-0.26,"CADE",1245
258,"PiMa|ScSu","2",6,4.458825495,2.755867889,4.551303965,2.64,"CADE",1003
258,"PiMa|ScSu","2",7,5.548037178,2.680343823,5.416023528,0.94,"CADE",1050
258,"PiMa|ScSu","2",7,4.855447858,2.766022236,4.990875469,4.98,"CADE",1062
258,"PiMa|ScSu","2",7,5.49489382,3.076220838,6.78412177,0.73,"CADE",1077
258,"PiMa|ScSu","2",7,5.02962204,3.0048523,5.913561625,0.8,"CADE",1164
258,"PiMa|ScSu","2",6,4.587383509,3.399369932,6.448882213,7.08,"CADE",1201
258,"PiMa|ScSu","2",5,3.753777362,3.520556043,5.284902147,10.08,"CADE",1224
258,"PiMa|ScSu","2",7,5.067025484,3.026517599,6.03187713,3.09,"CADE",1242
259,"ElSy|IlRo","2",7,5.704903802,2.667421773,5.520324314,-0.35,"CADE",1049
259,"ElSy|IlRo","2",8,6.305516478,2.631266208,5.938843702,-0.26,"CADE",1083
259,"ElSy|IlRo","2",5,3.036761424,4.578125854,5.418591298,-0.01,"CADE",1109
259,"ElSy|IlRo","2",7,5.034727084,2.874485955,5.510589226,-0.14,"CADE",1169
259,"ElSy|IlRo","2",6,2.765467123,5.933180132,6.117802797,-0.46,"CADE",1205
259,"ElSy|IlRo","2",4,2.999966351,3.847503829,4.394185063,0.49,"CADE",1217
259,"ElSy|IlRo","2",7,5.041457881,2.532458029,4.4958148,0.48,"CADE",1265
260,"PiMa|ElSy","2",6,4.5198917,3.142183226,5.624290915,2.07,"CADE",997
260,"PiMa|ElSy","2",7,4.784226406,3.192311791,6.153019618,3.02,"CADE",1020
260,"PiMa|ElSy","2",8,5.146983831,3.099334425,6.381158866,3.34,"CADE",1069
260,"PiMa|ElSy","2",7,4.842128401,2.91322986,5.401116545,-0.21,"CADE",1078
260,"PiMa|ElSy","2",6,4.654078828,3.125520667,5.768513506,0.22,"CADE",1155
260,"PiMa|ElSy","2",6,4.380560237,3.883457782,7.419590305,0.58,"CADE",1191
260,"PiMa|ElSy","2",6,3.920653015,3.673070862,5.9152886,1.54,"CADE",1229
260,"PiMa|ElSy","2",6,4.35206178,3.226757849,5.600375146,0.7,"CADE",1271
261,"PiMa|IlRo","2",6.5,4.270695228,2.780944412,4.31498352,-0.205,"CADE",992
261,"PiMa|IlRo","2",6,4.310050964,3.050148724,5.099982157,1.58,"CADE",1025
261,"PiMa|IlRo","2",6,4.708140119,2.346185496,3.748001633,1.01,"CADE",1072
261,"PiMa|IlRo","2",16,5.884231795,2.691151627,5.780550248,0.33,"CADE",1075
261,"PiMa|IlRo","2",6,4.721486127,2.999853951,5.501971623,1.3,"CADE",1186
261,"PiMa|IlRo","2",6,4.433078402,2.919538716,4.930565739,1.46,"CADE",1197
261,"PiMa|IlRo","2",7,4.918983391,2.865641893,5.350582897,1.14,"CADE",1277
261,"PiMa|IlRo","2",7,4.395345286,3.313315068,5.892138675,2.07,"CADE",1287
262,"CaFi|CaCa","2",6,4.448335131,4.277589238,8.751520134,2.92,"CADE",1015
262,"CaFi|CaCa","2",6,4.405197432,3.522802534,6.470201571,0.35,"CADE",1054
262,"CaFi|CaCa","2",7,4.622184737,3.431790148,6.604063795,0.52,"CADE",1065
262,"CaFi|CaCa","2",7,5.318755007,2.849595455,5.755082477,1.69,"CADE",1092
262,"CaFi|CaCa","2",6,3.717949242,3.484800381,5.15196582,9,"CADE",1156
262,"CaFi|CaCa","2",6,4.023262566,3.14192897,4.922023174,6.92,"CADE",1159
262,"CaFi|CaCa","2",6,4.271199975,3.878380136,7.155803794,0.55,"CADE",1250
262,"CaFi|CaCa","2",6,3.372730807,3.734639583,4.962445558,20.86,"CADE",1279
263,"CaFi|ScSu","2",6,3.089684667,4.361029753,5.266239458,65.41,"CADE",985
263,"CaFi|ScSu","2",7,4.903828887,3.004412657,5.749704523,0.53,"CADE",1047
263,"CaFi|ScSu","2",6,4.839670275,3.080290604,5.894325889,0.04,"CADE",1080
263,"CaFi|ScSu","2",6,3.606498898,4.158118157,6.221314368,3.27,"CADE",1140
263,"CaFi|ScSu","2",5,3.559585139,5.469908869,8.64912149,-0.89,"CADE",1189
263,"CaFi|ScSu","2",6,3.790852027,2.748473442,3.847063495,37.85,"CADE",1237
263,"CaFi|ScSu","2",6,4.981285491,3.022323455,5.905785651,0.45,"CADE",1262
264,"CaCa|ScSu","2",8,4.48126609,3.903684827,7.711809521,1.65,"CADE",1008
264,"CaCa|ScSu","2",6,3.290309072,5.599935696,7.781658393,0.39,"CADE",1036
264,"CaCa|ScSu","2",6,4.189050878,3.349822093,5.65041172,2.5,"CADE",1112
264,"CaCa|ScSu","2",7,5.405772007,3.046409917,6.55204681,4.84,"CADE",1126
264,"CaCa|ScSu","2",6,4.816221418,2.992765357,5.602492997,2.7,"CADE",1184
264,"CaCa|ScSu","2",7,3.495327327,4.029065096,5.719643996,37.91,"CADE",1225
264,"CaCa|ScSu","2",6,3.891487688,3.700337655,5.917272051,2.29,"CADE",1270
265,"CaCa|ElSy","2",6,4.600409359,3.817541811,7.724788724,0.35,"CADE",1002
265,"CaCa|ElSy","2",8,4.88180027,3.33430456,6.748887724,0.46,"CADE",1056
265,"CaCa|ElSy","2",7,5.656551896,2.667325386,5.474074055,1.48,"CADE",1094
265,"CaCa|ElSy","2",7,3.464424953,4.93781248,7.27359461,0.61,"CADE",1148
265,"CaCa|ElSy","2",6,4.275985465,3.007846907,4.953504388,-0.27,"CADE",1160
265,"CaCa|ElSy","2",5,3.636460358,3.565502645,5.161713037,5.85,"CADE",1228
265,"CaCa|ElSy","2",6,4.510403531,2.666924891,4.382651604,0.2,"CADE",1257
266,"CaCa|IlRo","2",5,3.662856779,3.198373649,4.523983283,0.07,"CADE",984
266,"CaCa|IlRo","2",7,4.361657941,3.215837352,5.586878396,0.43,"CADE",1021
266,"CaCa|IlRo","2",8,4.817544319,3.010876239,5.657593945,2.08,"CADE",1070
266,"CaCa|IlRo","2",8,6.305640933,2.688078145,6.177225524,0.73,"CADE",1076
266,"CaCa|IlRo","2",6,4.559818637,2.728125449,4.58489594,1.2,"CADE",1162
266,"CaCa|IlRo","2",6,3.625112741,3.647005762,5.293095657,0.16,"CADE",1200
266,"CaCa|IlRo","2",6,3.215543668,3.183913425,3.867737161,-0.31,"CADE",1216
266,"CaCa|IlRo","2",7,4.641892569,2.774448428,4.789942588,0.66,"CADE",1254
267,"CaCa|CiCa","2",6,3.909807934,3.603692521,5.742737784,0.36,"CADE",987
267,"CaCa|CiCa","2",7,5.035831316,2.867197271,5.489289486,0.94,"CADE",1045
267,"CaCa|CiCa","2",7,4.397579964,3.17211333,5.527448199,0.75,"CADE",1058
267,"CaCa|CiCa","2",6,4.654087469,3.152717183,5.845892367,4.17,"CADE",1120
267,"CaCa|CiCa","2",5,3.66139141,3.156416168,4.445042275,-0.48,"CADE",1188
267,"CaCa|CiCa","2",5,2.609437596,3.303113446,3.145701684,-1.12,"CADE",1202
267,"CaCa|CiCa","2",6,4.638180109,2.74843438,4.717353028,-0.27,"CADE",1251
267,"CaCa|CiCa","2",7,3.701039442,4.051705887,6.23969416,0.49,"CADE",1288
268,"ElSy|ScSu","2",7,4.102439841,3.550311506,5.980619381,0.23,"CADE",1016
268,"ElSy|ScSu","2",6,4.034490918,3.803885654,6.446852648,-0.26,"CADE",1031
268,"ElSy|ScSu","2",8,5.585390899,2.689099152,5.482644206,0.59,"CADE",1087
268,"ElSy|ScSu","2",7,5.163362788,3.127293305,6.499244741,-0.46,"CADE",1095
268,"ElSy|ScSu","2",7,3.280274995,4.934126953,6.66014117,4.29,"CADE",1147
268,"ElSy|ScSu","2",6,4.660921804,2.617187645,4.396802431,-0.03,"CADE",1175
268,"ElSy|ScSu","2",5,3.085060017,4.173052154,5.000176575,0.85,"CADE",1212
268,"ElSy|ScSu","2",7,4.640217287,3.167456837,5.867746732,-0.33,"CADE",1275
269,"ErFo|PiMa|CaFi|CaCa","4",6,4.828496727,3.479165086,7.121500276,3.96,"CADE",1014
269,"ErFo|PiMa|CaFi|CaCa","4",7,4.504138618,3.255170447,5.907745271,1.57,"CADE",1028
269,"ErFo|PiMa|CaFi|CaCa","4",6,4.524282669,3.164304489,5.690488532,2.46,"CADE",1090
269,"ErFo|PiMa|CaFi|CaCa","4",7,4.573321295,3.388340619,6.393039283,5.93,"CADE",1107
269,"ErFo|PiMa|CaFi|CaCa","4",6,4.07086689,3.159943562,5.028955652,7.64,"CADE",1152
269,"ErFo|PiMa|CaFi|CaCa","4",6,4.831934827,2.992945745,5.623067062,3.05,"CADE",1171
269,"ErFo|PiMa|CaFi|CaCa","4",6,4.928211844,3.180533782,6.331047435,1.8,"CADE",1267
269,"ErFo|PiMa|CaFi|CaCa","4",7,4.597842277,3.195970447,5.885935043,5.59,"CADE",1284
270,"ErFo|PiMa|ElSy|ScSu","4",7,4.685814277,3.199054063,6.025954969,2.53,"CADE",1004
270,"ErFo|PiMa|ElSy|ScSu","4",15,4.728231325,3.74822367,7.788741596,2.01,"CADE",1022
270,"ErFo|PiMa|ElSy|ScSu","4",8,4.638957285,2.780740436,4.803519994,2.84,"CADE",1068
270,"ErFo|PiMa|ElSy|ScSu","4",7,5.742289982,2.682682606,5.611491422,2.74,"CADE",1127
270,"ErFo|PiMa|ElSy|ScSu","4",6,4.347966315,2.202225657,3.190853265,1.45,"CADE",1177
270,"ErFo|PiMa|ElSy|ScSu","4",7,4.905924515,2.962910421,5.626543545,0.98,"CADE",1241
270,"ErFo|PiMa|ElSy|ScSu","4",7,4.138111601,3.696640814,6.403572317,1.22,"CADE",1286
271,"ErFo|PiMa|IlRo|ScSu","4",15,4.928178125,2.892081384,5.440222184,0.61,"CADE",1013
271,"ErFo|PiMa|IlRo|ScSu","4",8,4.439027678,2.700312131,4.395361831,0.88,"CADE",1040
271,"ErFo|PiMa|IlRo|ScSu","4",7,4.689398788,3.490989134,6.902726923,2.69,"CADE",1057
271,"ErFo|PiMa|IlRo|ScSu","4",7,5.935639854,2.59028143,5.447039424,0.12,"CADE",1093
271,"ErFo|PiMa|IlRo|ScSu","4",7,4.505604755,3.128085178,5.566135686,2.79,"CADE",1135
271,"ErFo|PiMa|IlRo|ScSu","4",6,4.388254719,2.885025169,4.792143217,0.63,"CADE",1195
271,"ErFo|PiMa|IlRo|ScSu","4",6,4.097858267,2.982455621,4.670568525,1.97,"CADE",1238
271,"ErFo|PiMa|IlRo|ScSu","4",7,4.823162392,2.581935631,4.448024695,0.83,"CADE",1276
272,"ErFo|PiMa|CiCa|ScSu","4",7,4.674699045,3.078432093,5.663497051,2.38,"CADE",1011
272,"ErFo|PiMa|CiCa|ScSu","4",7,3.595102826,5.034819437,7.911145272,0.44,"CADE",1019
272,"ErFo|PiMa|CiCa|ScSu","4",7,4.871038841,2.69311012,4.799814414,0.9,"CADE",1064
272,"ErFo|PiMa|CiCa|ScSu","4",7,5.657458424,2.514380654,4.942388245,1.65,"CADE",1114
272,"ErFo|PiMa|CiCa|ScSu","4",7,4.687800858,2.89280727,5.16085697,0.51,"CADE",1134
272,"ErFo|PiMa|CiCa|ScSu","4",6,4.601807547,2.783365663,4.771049397,0.08,"CADE",1182
272,"ErFo|PiMa|CiCa|ScSu","4",6,3.598664798,3.379252831,4.755411949,0.69,"CADE",1215
272,"ErFo|PiMa|CiCa|ScSu","4",7,4.689003679,3.158619791,5.913346952,0.05,"CADE",1247
273,"PiMa|ElSy|IlRo|ScSu","4",7,4.921469516,3.162089694,6.262712057,2.1,"CADE",1001
273,"PiMa|ElSy|IlRo|ScSu","4",8,4.337282605,3.425353397,6.088992222,1.15,"CADE",1026
273,"PiMa|ElSy|IlRo|ScSu","4",7,5.03810705,2.649950661,4.825228018,0.97,"CADE",1096
273,"PiMa|ElSy|IlRo|ScSu","4",7,5.649460429,2.548322715,5.051890513,1.19,"CADE",1132
273,"PiMa|ElSy|IlRo|ScSu","4",7,4.319317661,3.211062239,5.511584255,3.77,"CADE",1137
273,"PiMa|ElSy|IlRo|ScSu","4",7,5.171098663,2.522779539,4.574271301,1.28,"CADE",1173
273,"PiMa|ElSy|IlRo|ScSu","4",6,3.704949596,3.258100098,4.696928385,2.74,"CADE",1235
273,"PiMa|ElSy|IlRo|ScSu","4",6,4.773462135,2.906381124,5.299725216,0.19,"CADE",1252
274,"PiMa|CaFi|CaCa|ElSy","4",8,5.036335163,3.110357127,6.262039887,3.42,"CADE",1007
274,"PiMa|CaFi|CaCa|ElSy","4",8,4.360168214,3.626486229,6.665751741,3.58,"CADE",1023
274,"PiMa|CaFi|CaCa|ElSy","4",8,5.691233704,3.219343639,7.637836437,0.91,"CADE",1086
274,"PiMa|CaFi|CaCa|ElSy","4",7,4.553012609,3.229579708,5.912320679,5.74,"CADE",1111
274,"PiMa|CaFi|CaCa|ElSy","4",6,4.380751009,3.522766619,6.424922428,2.43,"CADE",1138
274,"PiMa|CaFi|CaCa|ElSy","4",6,5.055059054,3.065610532,6.142526262,1.62,"CADE",1178
274,"PiMa|CaFi|CaCa|ElSy","4",7,4.555331063,2.883834661,4.982556466,1.9,"CADE",1253
274,"PiMa|CaFi|CaCa|ElSy","4",7,4.726128405,3.903692315,8.29133529,2.57,"CADE",1285
275,"ErFo|IlRo|CiCa|ScSu","4",6,4.300178907,3.337383048,5.80055718,-0.41,"CADE",999
275,"ErFo|IlRo|CiCa|ScSu","4",6,3.706052381,3.987485028,6.122039255,-0.18,"CADE",1024
275,"ErFo|IlRo|CiCa|ScSu","4",6,4.752093588,2.391887401,3.893137361,0.72,"CADE",1073
275,"ErFo|IlRo|CiCa|ScSu","4",7,5.310006008,2.66095786,5.12436965,-0.25,"CADE",1117
275,"ErFo|IlRo|CiCa|ScSu","4",6,4.410606256,2.863455924,4.764650598,-0.25,"CADE",1190
275,"ErFo|IlRo|CiCa|ScSu","4",6,2.91380196,4.75713771,5.301433361,-0.15,"CADE",1207
275,"ErFo|IlRo|CiCa|ScSu","4",6,3.244777375,3.348381701,4.147202863,-0.68,"CADE",1221
275,"ErFo|IlRo|CiCa|ScSu","4",6,4.799507732,2.687223849,4.713774636,-0.17,"CADE",1261
276,"PiMa|CaCa|ElSy|IlRo","4",6,4.394324287,3.10582449,5.352741357,2.05,"CADE",986
276,"PiMa|CaCa|ElSy|IlRo","4",7,5.878479186,3.665586326,9.983118279,0.25,"CADE",1053
276,"PiMa|CaCa|ElSy|IlRo","4",7,4.113910483,3.45756457,5.781262918,0.93,"CADE",1100
276,"PiMa|CaCa|ElSy|IlRo","4",7,5.783855987,2.78667534,6.041683966,0.12,"CADE",1124
276,"PiMa|CaCa|ElSy|IlRo","4",7,4.13903553,3.454684994,5.818207123,2.14,"CADE",1139
276,"PiMa|CaCa|ElSy|IlRo","4",7,4.978326286,2.882825109,5.470807981,0.15,"CADE",1163
276,"PiMa|CaCa|ElSy|IlRo","4",6,3.622676547,4.494808416,6.921152332,1.87,"CADE",1233
276,"PiMa|CaCa|ElSy|IlRo","4",6,4.75248733,2.805006612,4.990916194,0.94,"CADE",1269
277,"ErFo|CaCa|ElSy|ScSu","4",7,4.395330358,3.313443014,5.892451569,1.24,"CADE",1035
277,"ErFo|CaCa|ElSy|ScSu","4",6,4.208490393,3.680567012,6.505464708,0.22,"CADE",1101
277,"ErFo|CaCa|ElSy|ScSu","4",7,5.354138596,3.032371629,6.4323282,0.69,"CADE",1130
277,"ErFo|CaCa|ElSy|ScSu","4",5,2.995644404,5.45508389,6.43263035,4.7,"CADE",1150
277,"ErFo|CaCa|ElSy|ScSu","4",6,5.165012809,2.620844211,4.864540117,0.07,"CADE",1174
277,"ErFo|CaCa|ElSy|ScSu","4",5,2.898985049,4.999870348,5.545544716,1.71,"CADE",1230
277,"ErFo|CaCa|ElSy|ScSu","4",7,4.410361386,2.889179665,4.82802432,0.54,"CADE",1268
278,"CaFi|CaCa|IlRo|ScSu","4",7,4.949680587,2.34008379,3.895115148,0.83,"CADE",1010
278,"CaFi|CaCa|IlRo|ScSu","4",7,4.526221075,2.929965576,5.068854549,-0.1,"CADE",1041
278,"CaFi|CaCa|IlRo|ScSu","4",6,4.839890976,2.9173394,5.41046141,0.49,"CADE",1067
278,"CaFi|CaCa|IlRo|ScSu","4",7,5.814615978,2.49658752,5.005866493,0.12,"CADE",1128
278,"CaFi|CaCa|IlRo|ScSu","4",7,3.402569326,3.635951676,4.858409873,0.42,"CADE",1144
278,"CaFi|CaCa|IlRo|ScSu","4",15,5.283807348,2.629283031,4.99897466,0.38,"CADE",1179
278,"CaFi|CaCa|IlRo|ScSu","4",4,2.710866429,3.809586084,3.795692375,2.79,"CADE",1209
278,"CaFi|CaCa|IlRo|ScSu","4",7,4.998321651,2.639786666,4.768121654,0.63,"CADE",1263
279,"CaFi|ElSy|IlRo|ScSu","4",6,4.552513911,3.01817386,5.335050963,-0.11,"CADE",996
279,"CaFi|ElSy|IlRo|ScSu","4",7,4.135029108,3.305769422,5.458891618,0.51,"CADE",1018
279,"CaFi|ElSy|IlRo|ScSu","4",7,4.45798022,2.456645045,3.832155833,0.55,"CADE",1106
279,"CaFi|ElSy|IlRo|ScSu","4",7,5.722895183,2.211795917,3.993917275,0.38,"CADE",1125
279,"CaFi|ElSy|IlRo|ScSu","4",6,4.84192334,2.564331115,4.416515607,0.48,"CADE",1185
279,"CaFi|ElSy|IlRo|ScSu","4",6,2.741212729,5.837180754,5.924334522,0.29,"CADE",1203
279,"CaFi|ElSy|IlRo|ScSu","4",5,3.51744383,3.229122144,4.368105568,2.28,"CADE",1219
279,"CaFi|ElSy|IlRo|ScSu","4",7,5.355841324,2.539664379,4.778490153,0.23,"CADE",1266
280,"ElSy|IlRo|CiCa|ScSu","4",6,4.772820891,3.176408835,6.08828846,-0.06,"CADE",995
280,"ElSy|IlRo|CiCa|ScSu","4",7,5.622194592,2.18571305,3.858184425,0.12,"CADE",1051
280,"ElSy|IlRo|CiCa|ScSu","4",7,4.351834428,2.86036461,4.690424476,-0.2,"CADE",1098
280,"ElSy|IlRo|CiCa|ScSu","4",8,5.780371598,2.386047599,4.598602697,0.39,"CADE",1116
280,"ElSy|IlRo|CiCa|ScSu","4",6,2.612836864,3.760466803,3.568479545,2.11,"CADE",1146
280,"ElSy|IlRo|CiCa|ScSu","4",7,5.237640708,2.575449438,4.789825329,-0.16,"CADE",1170
280,"ElSy|IlRo|CiCa|ScSu","4",6,5.086932127,2.703163154,5.04098928,0.34,"CADE",1272
280,"ElSy|IlRo|CiCa|ScSu","4",6,4.572075864,2.900002907,5.044643914,-0.42,"CADE",1281
281,"ErFo|PiMa|CaFi|CaCa|ElSy|IlRo|CiCa|ScSu","8",8,4.730678288,3.288507732,6.359920729,0.05,"CADE",991
281,"ErFo|PiMa|CaFi|CaCa|ElSy|IlRo|CiCa|ScSu","8",8,4.603889385,3.100352045,5.627768084,0.97,"CADE",998
281,"ErFo|PiMa|CaFi|CaCa|ElSy|IlRo|CiCa|ScSu","8",7,4.703892311,3.360644308,6.532923576,1.63,"CADE",1029
281,"ErFo|PiMa|CaFi|CaCa|ElSy|IlRo|CiCa|ScSu","8",7,5.670789525,2.422480903,4.643205462,0.49,"CADE",1044
281,"ErFo|PiMa|CaFi|CaCa|ElSy|IlRo|CiCa|ScSu","8",7,5.404980758,2.341139834,4.200901445,1.6,"CADE",1103
281,"ErFo|PiMa|CaFi|CaCa|ElSy|IlRo|CiCa|ScSu","8",7,3.808611897,3.807314732,5.976419176,1.75,"CADE",1108
281,"ErFo|PiMa|CaFi|CaCa|ElSy|IlRo|CiCa|ScSu","8",8,5.746087878,2.374016441,4.534616022,0.87,"CADE",1115
281,"ErFo|PiMa|CaFi|CaCa|ElSy|IlRo|CiCa|ScSu","8",7,5.639290095,2.536545172,5.003131857,0.37,"CADE",1129
281,"ErFo|PiMa|CaFi|CaCa|ElSy|IlRo|CiCa|ScSu","8",6,4.198654703,3.336213041,5.633078021,-0.02,"CADE",1153
281,"ErFo|PiMa|CaFi|CaCa|ElSy|IlRo|CiCa|ScSu","8",7,4.774283312,2.741343165,4.837752075,0.27,"CADE",1172
281,"ErFo|PiMa|CaFi|CaCa|ElSy|IlRo|CiCa|ScSu","8",6,4.469100401,3.027177822,5.250537988,-0.15,"CADE",1193
281,"ErFo|PiMa|CaFi|CaCa|ElSy|IlRo|CiCa|ScSu","8",6,3.628449301,3.862060668,5.705524768,2.94,"CADE",1204
281,"ErFo|PiMa|CaFi|CaCa|ElSy|IlRo|CiCa|ScSu","8",6,3.940835254,3.201778888,4.932760012,-0.08,"CADE",1214
281,"ErFo|PiMa|CaFi|CaCa|ElSy|IlRo|CiCa|ScSu","8",7,5.007535069,2.803229725,5.262025969,0.61,"CADE",1240
281,"ErFo|PiMa|CaFi|CaCa|ElSy|IlRo|CiCa|ScSu","8",7,5.300486803,2.869187876,5.800291603,0.1,"CADE",1264
281,"ErFo|PiMa|CaFi|CaCa|ElSy|IlRo|CiCa|ScSu","8",6,4.078977518,3.227353784,5.192303864,1.2,"CADE",1282
283,"AiAl","1",11,4.142535178,2.664570049,4.026681189,99.79,"BEF-China",912
283,"AiAl","1",19,6.215617165,2.358675812,4.796109951,80.71,"BEF-China",949
284,"AiAl|AlFo|BeLu|CaFa|CeBi|ElCh|ElGl|ElJa|IdPo|MaGr|MaLe|MaTh|MaYu|MeFl|PhBo|QuPh","16",13,5.913033517,2.625439315,5.558896308,52.84,"BEF-China",899
284,"AiAl|AlFo|BeLu|CaFa|CeBi|ElCh|ElGl|ElJa|IdPo|MaGr|MaLe|MaTh|MaYu|MeFl|PhBo|QuPh","16",16,9.161704223,2.572534631,8.108926103,0.38,"BEF-China",923
285,"AiAl|CeBi|ElGl|ElJa|IdPo|MaGr|MeFl|PhBo","8",17,8.311846758,2.050966929,4.577508686,64.94,"BEF-China",890
285,"AiAl|CeBi|ElGl|ElJa|IdPo|MaGr|MeFl|PhBo","8",9,5.733315709,2.251690559,4.126518983,80.68,"BEF-China",931
286,"AiAl|IdPo|MaGr|MeFl","4",19,6.061675179,2.359602121,4.697321981,69,"BEF-China",901
286,"AiAl|IdPo|MaGr|MeFl","4",30,8.893692647,2.244090795,5.849833436,19.81,"BEF-China",937
287,"AiAl|MeFl","2",12,6.216199797,2.874462259,6.884235621,1.96,"BEF-China",908
287,"AiAl|MeFl","2",21,10.11022723,2.129405628,5.747002657,24.82,"BEF-China",950
288,"AlFo","1",15,9.072610309,2.290348387,6.21836908,12.09,"BEF-China",896
288,"AlFo","1",24,15.41017306,1.929801556,6.037888156,1.09,"BEF-China",920
289,"AlFo|BeLu|CaFa|ElCh|MaLe|MaTh|MaYu|QuPh","8",10,7.054151287,2.181335237,4.589164485,6.03,"BEF-China",900
289,"AlFo|BeLu|CaFa|ElCh|MaLe|MaTh|MaYu|QuPh","8",12,7.004850719,2.285838071,4.99941197,3.18,"BEF-China",919
290,"AlFo|ElCh|MaLe|MaTh","4",11,4.680180413,2.70816601,4.65332757,15.84,"BEF-China",894
290,"AlFo|ElCh|MaLe|MaTh","4",13,8.199712063,2.278137228,5.654360376,8.48,"BEF-China",930
291,"AlFo|MaLe","2",36,12.09637851,2.486047134,9.682058372,-0.38,"BEF-China",905
291,"AlFo|MaLe","2",20,9.128720514,2.508266994,7.641618318,0.64,"BEF-China",935
293,"BeLu","1",12,3.778619615,8.116876151,16.1772288,0.12,"BEF-China",913
293,"BeLu","1",14,6.19430808,1.770673207,2.834737589,89.46,"BEF-China",936
294,"BeLu|CaFa","2",25,13.2589403,1.896875398,5.231655395,5.6,"BEF-China",888
294,"BeLu|CaFa","2",15,11.38102707,1.926752285,4.928124189,5.01,"BEF-China",932
295,"BeLu|CaFa|MaYu|QuPh","4",23,6.791648343,2.87798151,7.576558408,3.71,"BEF-China",914
295,"BeLu|CaFa|MaYu|QuPh","4",20,9.28965306,2.316362787,6.503060951,2.14,"BEF-China",921
296,"CeBi","1",13,4.217017469,4.568871931,8.903272415,6.82,"BEF-China",910
296,"CeBi","1",20,9.740158076,2.139695158,5.648926814,26.74,"BEF-China",925
297,"CeBi|ElGl","2",12,7.5112686,1.862517723,3.504545123,0.77,"BEF-China",893
297,"CeBi|ElGl","2",16,6.641544164,1.957498889,3.566904438,2.07,"BEF-China",933
298,"CeBi|ElGl|ElJa|PhBo","4",17,9.430797942,2.145466265,5.545341259,4.62,"BEF-China",892
298,"CeBi|ElGl|ElJa|PhBo","4",13,8.414639565,2.38285976,6.356376095,3.34,"BEF-China",929
299,"CaEy","1",23,4.303191212,3.32338768,5.769960419,0.46,"BEF-China",861
299,"CaEy","1",22,13.51443211,2.066318386,6.617552356,100,"BEF-China",966
300,"ScSu|CyMy|KoBi|LiGl|QuFa|RhCh|CaEy","8",15,9.229145293,2.217719569,5.871259608,7.87,"BEF-China",883
300,"ScSu|CyMy|KoBi|LiGl|QuFa|RhCh|CaEy","8",17,8.374015117,2.916409848,9.724454,4.29,"BEF-China",968
301,"CyMy|CaEy","2",24,7.599123855,2.663905355,7.294006271,0.94,"BEF-China",867
301,"CyMy|CaEy","2",15,7.543422762,3.383830921,11.05750588,23.915,"BEF-China",924
302,"CyMy|KoBi|LiGl|CaEy","4",26,13.10469113,1.94177675,5.514780382,0.09,"BEF-China",884
302,"CyMy|KoBi|LiGl|CaEy","4",16,6.470796484,2.450419698,5.331242402,4.08,"BEF-China",952
303,"CaFa","1",13,8.047280072,2.360504708,5.995698662,0.92,"BEF-China",897
304,"CyGl","1",15,5.739237995,2.84030841,6.196943382,0.97,"BEF-China",882
304,"CyGl","1",21,9.261755141,2.240503875,6.023268732,4.32,"BEF-China",960
305,"QuFa|CyGl","2",14,4.466703473,3.523537102,6.586220317,0.42,"BEF-China",880
305,"QuFa|CyGl","2",17,4.692774038,3.372279064,6.549110998,1.02,"BEF-China",961
306,"ScSu|QuFa|RhCh|CyGl","4",16,9.440256576,2.198928549,5.864867389,7.51,"BEF-China",863
306,"ScSu|QuFa|RhCh|CyGl","4",21,9.424618412,2.097879804,5.270581684,13.19,"BEF-China",973
307,"CaHe","1",30,15.74457955,1.482265556,2.959081365,95.64,"BEF-China",849
307,"CaHe","1",20,11.04042418,2.366660364,7.916098636,9.86,"BEF-China",959
308,"ScSu|CyMy|KoBi|LiGl|QuFa|RhCh|CaEy|CyGl|CaHe|CaSc|ChAx|LiFo|NySi|QuSe|SaMu|SaSe","16",14,8.726212321,2.277033654,5.945394295,1.84,"BEF-China",877
308,"ScSu|CyMy|KoBi|LiGl|QuFa|RhCh|CaEy|CyGl|CaHe|CaSc|ChAx|LiFo|NySi|QuSe|SaMu|SaSe","16",29,12.5823644,2.257755296,7.863476382,0.22,"BEF-China",980
309,"CaHe|CaSc|ChAx|LiFo|NySi|QuSe|SaMu|SaSe","8",32,15.21767964,2.237940052,8.962881795,-0.4,"BEF-China",868
309,"CaHe|CaSc|ChAx|LiFo|NySi|QuSe|SaMu|SaSe","8",24,17.96205468,2.000305961,7.407048903,0.92,"BEF-China",977
310,"CaSc|LiFo|NySi|SaMu","4",18,10.85504724,2.257274891,6.968962753,0.18,"BEF-China",878
310,"CaSc|LiFo|NySi|SaMu","4",20,9.239763623,2.011652877,4.731023872,1.06,"BEF-China",967
311,"CaHe|NySi","2",28,11.69351177,2.187795733,6.856275447,1.79,"BEF-China",881
311,"CaHe|NySi","2",32,11.95107429,2.116284989,6.422309757,0.65,"BEF-China",956
312,"CyMy","1",23,9.814283114,2.200788269,6.058896345,3.36,"BEF-China",873
312,"CyMy","1",23,7.319175459,2.414424316,5.780821709,0.73,"BEF-China",962
313,"CaSc","1",14,6.33012281,2.603303205,5.844885215,2.8,"BEF-China",860
313,"CaSc","1",22,4.517625107,2.826523903,4.791625802,53.84,"BEF-China",958
314,"CaSc|ChAx|QuSe|SaSe","4",27,14.99458305,1.866310077,5.416763305,2.72,"BEF-China",855
314,"CaSc|ChAx|QuSe|SaSe","4",14,10.84183071,2.196833031,6.525941025,1.25,"BEF-China",970
315,"CaSc|QuSe","2",16,5.17445452,2.617189992,4.861944284,0.2,"BEF-China",871
315,"CaSc|QuSe","2",25,8.899199031,2.256892492,5.92599221,2.96,"BEF-China",963
316,"ChAx","1",19.5,11.77035229,2.08642377,5.638338658,2.135,"BEF-China",869
316,"ChAx","1",21,10.93522088,1.969404705,5.058782065,1.4,"BEF-China",969
317,"ChAx|SaSe","2",8,3.751734249,2.585005733,3.510460704,85.84,"BEF-China",856
317,"ChAx|SaSe","2",31,19.1085735,1.621334954,4.160575194,3.54,"BEF-China",974
319,"ElCh","1",22,10.27182833,2.20067756,6.279898694,12,"BEF-China",904
319,"ElCh","1",24,9.53416734,2.100507142,5.330929298,28.44,"BEF-China",942
320,"ElCh|MaTh","2",16,6.475067174,2.884173071,7.232708333,1,"BEF-China",906
320,"ElCh|MaTh","2",16,6.462155648,2.076708391,3.910307927,39.78,"BEF-China",938
321,"ElGl","1",5,3.30812446,2.769742307,3.383188741,21.59,"BEF-China",917
321,"ElGl","1",25,7.358171897,2.378322348,5.635927923,1.91,"BEF-China",947
322,"ElJa","1",4,2.703814626,2.336299147,2.325743604,100,"BEF-China",907
322,"ElJa","1",19,10.39119925,1.901436014,4.501102629,76.73,"BEF-China",927
323,"ElJa|PhBo","2",10,3.532153145,6.534802363,10.68434904,63.11,"BEF-China",891
323,"ElJa|PhBo","2",15,7.040193174,2.413175347,5.580512455,32.9,"BEF-China",939
324,"IdPo","1",14,6.05965248,2.267966351,4.372537721,36.56,"BEF-China",895
324,"IdPo","1",23,9.286305962,1.970889594,4.535936447,22.68,"BEF-China",944
325,"IdPo|MaGr","2",26,10.53665651,1.680758724,3.396515863,4.51,"BEF-China",943
326,"KoBi","1",18,6.670384731,2.629003175,6.260775943,27.73,"BEF-China",858
326,"KoBi","1",21,5.032326505,3.295915314,6.870500495,70.37,"BEF-China",979
327,"KoBi|LiGl","2",19,9.671378866,1.998291959,4.811123628,7.95,"BEF-China",876
327,"KoBi|LiGl","2",22,10.46241944,2.125160697,5.870120954,9.82,"BEF-China",964
328,"LiFo","1",16,8.132221167,2.1660857,5.05266425,23.33,"BEF-China",857
328,"LiFo","1",18,11.71591168,1.880555737,4.731556923,6.33,"BEF-China",955
329,"LiFo|SaMu","2",20,11.66322315,1.998242384,5.476768114,1.26,"BEF-China",853
329,"LiFo|SaMu","2",24,13.85761504,1.840110318,4.968562811,2.83,"BEF-China",972
330,"LiGl","1",24,12.12803704,1.802542007,4.35077966,18.33,"BEF-China",850
330,"LiGl","1",24,13.90600276,1.793063211,4.650984821,12.54,"BEF-China",957
331,"MeFl","1",20,8.633825645,2.146749431,5.190593158,5.26,"BEF-China",886
331,"MeFl","1",20,7.868925681,2.778539903,8.233014962,0.95,"BEF-China",945
332,"MaGr","1",12,7.101996092,2.45470213,5.814926654,27.7,"BEF-China",911
332,"MaGr","1",17,8.641772023,2.830405483,9.428883571,35.78,"BEF-China",934
333,"MaLe","1",20,5.999784725,2.046839785,3.715151742,52.995,"BEF-China",898
333,"MaLe","1",20,5.385196316,4.01565107,10.38761896,64.53,"BEF-China",941
334,"MaTh","1",13,6.21215901,1.930606187,3.325232072,100,"BEF-China",909
334,"MaTh","1",14,6.341154408,2.671843771,6.142511715,3.37,"BEF-China",940
335,"MaYu","1",9,4.423194755,3.301327421,5.904980766,6.7,"BEF-China",889
335,"MaYu","1",13,4.126423954,3.314389736,5.465448875,37.47,"BEF-China",928
336,"MaYu|QuPh","2",19.5,11.77035229,2.08642377,5.638338658,2.135,"BEF-China",870
336,"MaYu|QuPh","2",14,5.659917449,3.066051751,6.973348995,5.96,"BEF-China",922
337,"NySi","1",18,8.243829523,2.481450245,6.80170172,1.51,"BEF-China",885
337,"NySi","1",26,14.72039727,1.87466956,5.41949081,-0.37,"BEF-China",953
338,"PhBo","1",9,3.849435704,4.332754106,7.216243343,100,"BEF-China",918
338,"PhBo","1",28,5.96262763,3.015325742,7.175574454,77.17,"BEF-China",948
339,"QuFa","1",16,8.304781243,2.255042548,5.592024232,0.28,"BEF-China",852
339,"QuFa","1",26,10.80362187,2.101612516,5.856485265,1.22,"BEF-China",978
340,"QuPh","1",17,6.792544107,2.731302067,6.855013068,98.82,"BEF-China",903
340,"QuPh","1",21,9.780662481,2.678950936,9.460932149,3.63,"BEF-China",946
341,"QuSe","1",18,4.796317892,2.915509158,5.35305615,-0.12,"BEF-China",859
341,"QuSe","1",14,8.329551685,1.56141897,2.571724238,93.32,"BEF-China",951
342,"RhCh","1",9,2.935825556,3.835194917,4.253363241,66.8,"BEF-China",879
342,"RhCh","1",24,15.45725439,2.843467986,17.48527069,77.7,"BEF-China",965
343,"ScSu|RhCh","2",20,12.89474976,1.754050451,4.206992419,12.71,"BEF-China",872
343,"ScSu|RhCh","2",23,13.47733867,1.789898901,4.545790052,20.25,"BEF-China",954
344,"SaMu","1",18,10.83247096,2.215008592,6.650795148,100,"BEF-China",865
344,"SaMu","1",37,15.68395603,1.837373978,5.336301036,0.87,"BEF-China",976
345,"SaSe","1",17,7.206253653,2.044031566,4.103904423,26.51,"BEF-China",866
345,"SaSe","1",28,12.30245118,2.057245462,6.113431138,12.57,"BEF-China",981
