SSCI,ENL,meanFrac,can.open,TopH,Site,div.lev
9.314381629,12.80282405,2.398926789,-0.0675,24.75,ASref,Ref
8.351685398,14.909154,2.199447012,0.7075,33,ASref,Ref
8.898342455,12.12186556,2.416027323,1.174,23,ASref,Ref
8.136922927,12.55075573,2.299562811,-0.008,28,ASref,Ref
8.553558575,10.07309286,2.532502389,2.18,30,ASref,Ref
7.579301026,11.13717497,2.323282035,3.776,24,ASref,Ref
7.147734996,11.0217274,2.27469585,5.098,21,ASref,Ref
8.696080304,13.03409068,2.337045113,0.2,31,ASref,Ref
8.149171721,16.54504548,2.168450745,3.682,31.8,ASref,Ref
8.121768891,8.614943281,2.718537056,0.934,21,ASref,Ref
9.039481732,18.95727107,2.144284062,2.108,38,ASref,Ref
5.872655545,19.60851216,1.811821771,16.14203858,NA,EBref,Ref
7.040193861,16.56873626,2.016320526,5.062746618,NA,EBref,Ref
7.266237767,18.70250324,1.991836964,4.070496893,NA,EBref,Ref
7.839825332,16.15252848,2.116426082,67.86858344,NA,EBref,Ref
7.466179971,11.63744086,2.291508756,3.092655997,NA,EBref,Ref
7.537096103,14.30053447,2.167219963,3.550611324,NA,EBref,Ref
7.338816525,15.75055779,2.063937354,7.355836891,NA,EBref,Ref
8.160251164,12.42742047,2.305848809,2.839458166,NA,EBref,Ref
5.320144727,4.777350543,2.959164346,35.64,7.2,BDref,Ref
5.232702287,4.72003259,2.942291953,34.252,17.8,BDref,Ref
4.711532313,5.592082732,2.408918808,55.164,8.8,BDref,Ref
3.365899554,4.093441087,2.354004301,63.3,6.6,BDref,Ref
5.639356671,5.002113506,2.911270832,39.428,9,BDref,Ref
4.801285585,5.289592176,2.581790144,31.996,20.6,BDref,Ref
4.643390058,5.695065453,2.413042434,33.172,8,BDref,Ref
4.776602385,4.397036274,2.873899326,52.728,7.4,BDref,Ref
4.543574417,5.149027623,2.51801603,56.874,7.8,BDref,Ref
5.015925576,4.475466686,2.940247532,57.73,7.8,BDref,Ref
5.366759562,3.239770489,4.329692676,23.202,6.8,IDref,Ref
6.926630435,3.534896716,4.883045479,18.512,7,IDref,Ref
4.050930939,4.701219743,2.432837811,60.7,7.6,IDref,Ref
6.01009368,3.181327328,4.733543281,5.32,6,IDref,Ref
3.117731361,4.461760022,2.226642949,83.118,7.8,IDref,Ref
5.392146677,4.418899375,3.088646244,23.584,9,IDref,Ref
3.476911568,4.51472928,2.277761731,54.57,8.2,IDref,Ref
8.298020053,4.363257472,4.784392046,22.978,9,IDref,Ref
7.579656036,9.82137889,2.429090636,4.52,16.4,UDref,Ref
7.30858286,8.636813204,2.510634718,2.88,14.2,UDref,Ref
8.498523861,10.51131159,2.484451746,5.392,15.6,UDref,Ref
6.631221292,9.168390165,2.351187398,1.998,14.4,UDref,Ref
7.370257146,10.58006914,2.33890451,7,15.8,UDref,Ref
7.046604053,9.250940103,2.419916803,2.698,14.2,UDref,Ref
9.31764675,9.146991138,2.734455313,6.814,15.8,UDref,Ref
7.266756707,9.949958169,2.371254284,4.1625,15.25,UDref,Ref
7.673813234,13.31241488,2.194754748,4.592178765,19,MDref,Ref
6.807794462,11.82468742,2.177447726,8.696149437,21,MDref,Ref
6.858527876,12.02409266,2.168785404,7.094120668,14.33333333,MDref,Ref
5.012438939,6.660341922,2.340745135,4.90131923,12.66666667,MDref,Ref
7.501435297,11.12316113,2.309468685,7.890550342,19,MDref,Ref
5.37652979,5.277860591,2.733294669,1.352753462,23.33333333,MDref,Ref
6.716497172,11.28993955,2.230005821,9.18605848,20,MDref,Ref
4.943757264,7.479845573,2.210621994,9.334079127,10,MDref,Ref
8.793740848,10.60881627,2.529897907,2.88,33.5,SBref,Ref
7.782333126,10.40464596,2.560215246,-0.39,42,SBref,Ref
7.397093696,11.27302334,2.305838344,-0.325,49.5,SBref,Ref
7.450934868,16.26044222,2.187898488,5.31,49,SBref,Ref
8.674823244,11.93575363,2.38994,-0.465,39,SBref,Ref
6.826915076,17.80162571,1.943255933,8.115,49,SBref,Ref
8.357392741,12.55736465,2.381826135,1.065,45.5,SBref,Ref
8.287615204,10.78097786,2.432459838,-0.055,40,SBref,Ref
9.173116238,10.28956809,2.629995749,-0.645,42,SBref,Ref
8.07357255,11.24787996,2.375658551,0.81,47.5,SBref,Ref
8.006281748,9.431086891,2.579819659,-0.55,40.5,SBref,Ref
4.740428964,26.27510707,1.609752812,5.24,50,SBref,Ref
6.938531879,8.945744253,2.494411937,0.893333333,21,BFref,Ref
6.566379178,10.51614468,2.228132296,3.1125,19.25,BFref,Ref
7.849281136,13.0307671,2.224602151,0.912,19.6,BFref,Ref
6.911402323,15.82335203,2.013848808,2.99,22,BFref,Ref
6.724525745,12.81367502,2.137541949,1.37,21,BFref,Ref
8.169830674,10.22390561,2.481544594,0.995,21,CDref,Ref
8.373681701,11.15686869,2.390857208,7.3625,24.25,CDref,Ref
6.834431173,10.25956752,2.304415634,2.515,25.75,CDref,Ref
7.070653984,12.69057826,2.220617886,3.255,24,CDref,Ref
7.2889198,13.4103984,2.234422957,3.4375,28.75,CDref,Ref
7.222527513,10.25220111,2.371575901,4.72,18.5,CDref,Ref
9.314381629,12.80282405,2.398926789,-0.0675,24.75,SDref,Ref
8.351685398,14.909154,2.199447012,0.7075,33,SDref,Ref
8.898342455,12.12186556,2.416027323,1.174,23,SDref,Ref
8.136922927,12.55075573,2.299562811,-0.008,28,SDref,Ref
8.553558575,10.07309286,2.532502389,2.18,30,SDref,Ref
7.579301026,11.13717497,2.323282035,3.776,24,SDref,Ref
7.147734996,11.0217274,2.27469585,5.098,21,SDref,Ref
8.696080304,13.03409068,2.337045113,0.2,31,SDref,Ref
8.149171721,16.54504548,2.168450745,3.682,31.8,SDref,Ref
8.121768891,8.614943281,2.718537056,0.934,21,SDref,Ref
9.039481732,18.95727107,2.144284062,2.108,38,SDref,Ref